departamento,experiencia_anios,horas_trabajadas,nivel_estres,tipo_contrato,formacion_adicional,num_procedimientos
Dept_1,9.335243258951524,29.467523804959523,4.60133676649508,residencia,2.9824068993586623,8
Dept_1,18.062193180614635,42.42672384771766,4.167431728440437,fijo,1.6755286188399001,32
Dept_1,9.560662720352077,38.01489180665563,5.476692931435299,fijo,3.2615151804712528,21
Dept_1,8.949555929464195,36.88008396381779,2.286684345107789,fijo,2.911402616099363,18
Dept_1,14.480387947476448,37.69625689215371,2.851072340040024,fijo,1.51560943185716,28
Dept_1,7.008675417235701,39.69806953852309,4.265099861607637,temporal,1.4182039806996605,11
Dept_1,16.014646146410197,42.96433091371558,6.089750119379178,fijo,1.8314979594714509,30
Dept_1,14.3777895971824,46.58548636798559,9.285700247449714,fijo,0.9491509754831211,18
Dept_1,19.151665976541686,45.06952907607477,4.681348728232794,residencia,1.6892080889446086,14
Dept_1,6.548284783614005,51.158441613883085,1.451537417328474,fijo,2.4867529215632014,31
Dept_1,16.834873231012068,43.37648604688725,3.419504980735401,temporal,3.0385072661712607,23
Dept_1,12.770460535019632,40.70157551186966,6.31778369918446,fijo,1.6211478993210102,21
Dept_1,3.3731680816248915,37.71484090334185,3.0594357821021045,residencia,3.388420868580404,7
Dept_1,0.0,37.881005215287345,2.388509484243112,fijo,2.6501054668355097,7
Dept_1,6.009865589523352,42.69519013282961,6.307337803228157,temporal,2.695653018926371,10
Dept_1,11.461739036728764,35.00277929110898,5.929760121785826,fijo,1.0809882460089186,22
Dept_1,12.186739663039036,41.14488069595968,2.054918514486407,fijo,3.807760220773568,29
Dept_1,9.704594673574675,39.90567552098058,3.2100133090886382,temporal,2.55336445202159,14
Dept_1,9.749353170384836,36.35951471748856,7.48934035363499,fijo,1.6673326371036625,16
Dept_1,9.37003249949905,34.74404853516909,6.7056885401886825,fijo,1.4908827622566208,16
Dept_1,15.156085668691786,52.623587508659206,2.6052569683976445,residencia,1.6895478573001772,23
Dept_1,2.8185515085846413,33.017144168908544,1.0222212901764296,residencia,0.9816624551222661,11
Dept_1,11.341449287671391,39.66120717826692,5.537035831721743,fijo,2.9883005443494923,21
Dept_1,5.886243620684793,46.11291904078603,4.40786400952254,fijo,1.0840779097295932,18
Dept_1,5.467294674712829,42.64528432464139,5.363483793454143,fijo,2.289824838874858,9
Dept_1,15.881152819534181,37.632322220221695,6.269323887687877,fijo,1.5500827537986153,19
Dept_1,5.083684615400287,34.03926432227331,3.087461165207956,residencia,2.6707964689183465,9
Dept_1,9.302408830500692,40.648932216297624,4.135708946828203,temporal,2.8067048162619144,26
Dept_1,19.792492009394973,26.802423754325595,3.2018829525884023,fijo,1.356094937580878,24
Dept_1,14.190384840408374,40.849335301979345,3.2735299340390194,residencia,1.966126334242018,19
Dept_1,7.7251484351981095,40.1741329344727,6.12951838664886,temporal,0.556608538405595,9
Dept_1,8.138134707970595,45.350609642632996,5.28813716268883,temporal,3.7005431753138147,15
Dept_1,3.863985506708535,34.28330128457784,1.8741164597785267,fijo,3.068003106929842,17
Dept_1,16.503226211330258,38.38264300076967,6.450207283833024,fijo,0.6044611003024518,22
Dept_1,15.056759039605339,42.18450823418759,4.2998598508436014,temporal,1.1330957946513194,26
Dept_1,13.433011369348906,41.02783879351781,6.542330813655844,fijo,1.8651816798016594,28
Dept_1,13.984164724045693,33.286767515447906,2.9705239081075248,fijo,2.0387607200614823,23
Dept_1,6.127376953012881,36.76249134808059,3.1486239626047388,fijo,1.3139486994734506,13
Dept_1,2.2604377863207468,46.99955780115697,5.503424596213336,fijo,0.8550720022947265,13
Dept_1,12.802702126519046,41.296631926455575,2.8070798236606502,temporal,2.395031310866156,23
Dept_1,14.442789368106972,31.679419260113853,4.450237658516468,temporal,3.739484470518689,25
Dept_1,18.035233415634814,44.41616073338668,2.5798530752814517,fijo,2.054665418404613,36
Dept_1,8.995548968632855,32.0036763697361,4.2172605338567,fijo,1.7082877958188782,13
Dept_1,8.266243607098403,38.46489751193624,4.936291536390205,temporal,1.6031605869941334,13
Dept_1,8.80369897665272,42.81638277288239,5.030515869801517,fijo,0.9032763493561586,21
Dept_1,13.353719127164439,46.06852940009368,4.270505457467302,temporal,1.3280152485093235,25
Dept_1,8.589553586623769,28.310378811696005,5.666700600636276,temporal,3.136111080363663,6
Dept_1,9.738804566183301,43.55795053735349,5.295598091024076,fijo,0.0,18
Dept_1,14.155264456194768,44.308623200252335,4.821266672526393,temporal,2.070103323647302,16
Dept_1,6.870819223831321,37.21492265920935,3.7482989345777917,temporal,2.0279546668593555,14
Dept_2,16.95576992710882,40.454545447171746,7.136487499157017,fijo,2.1183993334896445,28
Dept_2,13.165445036632882,24.74014136329328,5.772574416465188,fijo,2.7274177084235185,22
Dept_2,0.7118968532984233,26.260098425960443,2.927782272216009,residencia,2.0611612635689744,4
Dept_2,7.423229017358175,45.54266360004127,6.297767751380985,fijo,1.546040567678985,16
Dept_2,0.0,37.305523855070156,6.750987273905352,residencia,1.3433772418112158,4
Dept_2,9.016603008565998,38.268938842489305,4.836870481415645,temporal,3.2983437631482317,24
Dept_2,7.508444479397322,41.17338201847013,4.969825347850788,fijo,3.041051977555804,23
Dept_2,14.174273796000943,38.170338946115635,1.0,fijo,4.877637519611291,40
Dept_2,5.594908255223331,37.70653933231526,3.3131178466865507,fijo,1.7190115713174008,19
Dept_2,11.93867500967245,41.972445309550245,6.687388832705308,fijo,1.361786992695368,19
Dept_2,12.84423804734217,32.522318711603056,3.4347536035949195,temporal,2.453166896300501,17
Dept_2,11.28597426114007,45.799588259302965,4.680316155637249,residencia,2.429016491863055,23
Dept_2,15.700617908862643,38.848749875628236,3.282759739868467,residencia,2.636355078882783,19
Dept_2,20.341444254209378,34.971707496295636,5.461631169663461,fijo,2.8471308773563644,41
Dept_2,10.559709713495337,34.298951577388344,5.787485110285783,residencia,2.6266736121033403,11
Dept_2,12.02589758445184,40.213259432276615,5.840949323470365,residencia,3.075031605983204,14
Dept_2,5.598615230839449,38.46821145110812,2.721278080786598,residencia,3.2080053105854867,15
Dept_2,4.902382929883787,32.255799627406205,5.2134042136731065,fijo,3.2258447165314594,16
Dept_2,15.16914825166364,36.99082447310932,8.15313952264378,temporal,0.0,16
Dept_2,14.507627530516789,35.95400498558592,6.496977476969322,temporal,2.2323809025709402,28
Dept_2,4.8519006291436835,46.30928268260435,5.186662472182178,fijo,1.0767898114554544,16
Dept_2,3.458897287452637,40.65226207485871,1.1380513162579193,residencia,3.0554477657020325,19
Dept_2,6.756315976597051,47.84669714185279,4.501287043780411,fijo,0.0,24
Dept_2,9.293110152829446,36.45012887816371,8.29273116129522,fijo,3.4692252777332424,21
Dept_2,7.954367957583779,38.54434055627985,7.637213672026197,residencia,1.1353002856323475,7
Dept_2,10.802574341661263,41.93276612617857,5.9228366495729246,fijo,0.9061363600184664,16
Dept_2,14.585312561863027,43.02066305287017,3.5613391758104234,residencia,2.356249320697575,17
Dept_2,12.310521893774691,43.604955362264825,5.104557964890901,temporal,1.6267292426691475,28
Dept_2,12.680604988420619,35.56095223783262,6.546961666771051,fijo,3.7793893076042426,25
Dept_2,0.0,35.70160431504702,6.881078387258528,fijo,3.363033147127596,16
Dept_2,1.930484899404588,38.22289864256412,5.625240611291659,temporal,1.4891652975219238,11
Dept_2,6.017715961769712,47.404534320427985,6.7100793654353,temporal,3.0424849602058037,22
Dept_2,6.843031759202468,34.99658408284232,4.882614840674321,residencia,1.4547130996972477,11
Dept_2,14.199139174696167,37.365374969216724,4.794186673818669,residencia,1.4460853745839883,12
Dept_2,5.605492842659342,43.64928957211593,4.082169956455996,fijo,2.714184758062929,20
Dept_2,13.334638306786841,43.3817713237441,5.849073664736663,fijo,3.455841090469153,29
Dept_2,6.07447130596851,42.7770918390896,7.000680544467643,residencia,1.5589274821878507,8
Dept_2,3.995578563035923,40.40421790389651,6.416887741470971,temporal,1.635071226497857,12
Dept_2,4.227751704781042,34.67433189225132,2.5639270372957808,fijo,2.301204719091721,25
Dept_2,21.29133246644611,36.54612035548932,2.671051369654247,residencia,1.106009525530402,18
Dept_2,5.963175157450029,45.63245087964475,7.207279767024929,residencia,3.5654103898262526,15
Dept_2,13.454936044301704,43.86818666627871,5.3531456275688845,temporal,1.0964473914383646,24
Dept_2,2.2090078512489972,33.32507546112267,5.431296302953318,fijo,1.3668062344640046,13
Dept_2,17.094645020893676,44.34728814852411,5.38622926738005,temporal,3.767239071039536,38
Dept_2,11.745205725318565,46.54389219382168,8.503279003147128,temporal,2.2145884288885025,23
Dept_2,11.369894343964436,40.269153943568355,4.107430363688161,residencia,3.943583428819606,17
Dept_2,12.069136615716594,42.13140590339803,7.233268271352285,residencia,1.7807224793155336,15
Dept_2,12.619998622226753,45.05742592788104,5.467214048640334,temporal,4.519518819872356,29
Dept_2,14.045336294224398,36.52141801918799,1.7989740414698945,temporal,2.6156499804961477,30
Dept_2,7.00451290895486,51.6479890231074,3.350295439974764,residencia,1.2475640473880838,18
Dept_3,6.712058531139389,46.11538989323266,3.7859388326081103,fijo,1.2321623813253086,15
Dept_3,10.246119390240338,42.62014073601731,7.186216028932234,fijo,0.5427920891989113,14
Dept_3,13.422138802091546,39.82746077907644,7.454595613585154,residencia,0.6521850539905942,12
Dept_3,9.666722618887555,42.473887223068736,5.7077077015566795,fijo,1.3404684155506383,17
Dept_3,13.869508978995515,32.198587506677775,3.9544534406374083,fijo,1.0084015604168814,13
Dept_3,13.089183913509586,50.41043883954809,3.178037767899525,fijo,0.0,33
Dept_3,8.915083692919868,45.64445786721175,7.275162037323201,fijo,2.841520991880931,18
Dept_3,1.2641001510957537,47.320067984011274,2.430895182167885,fijo,2.7753377209060535,17
Dept_3,7.4823602732304435,40.15378581841846,4.792219431504767,fijo,2.3083768769757835,21
Dept_3,18.713986169048376,38.19855401960186,9.728942420640013,residencia,0.8650335830472429,12
Dept_3,11.700298253528498,36.62846398324862,3.9604256239246936,temporal,3.6467921087553123,19
Dept_3,6.802249343649539,44.067873044234034,2.456603540641773,temporal,1.8218319097034275,13
Dept_3,11.253257888039496,37.437264601718645,1.4690839494036427,fijo,1.1667671945152363,31
Dept_3,13.38322034163901,39.06321533407647,9.808008845661398,temporal,2.2325861323433247,8
Dept_3,6.804671952741833,42.73199563337625,5.697254198911093,temporal,2.175239171548709,16
Dept_3,16.176919470609484,36.70335841581831,3.261848782797109,temporal,0.0,19
Dept_3,12.478490105818251,45.21973381991595,4.621726761703165,fijo,1.9690546251461094,12
Dept_3,4.500456134138301,39.911294610550726,3.6740883644807028,fijo,2.1205390254697067,14
Dept_3,14.281831432711869,32.45940340852014,1.2728879194143858,residencia,1.6212588259558502,7
Dept_3,7.951933076011523,36.64998660615836,6.576234866907574,temporal,0.6785451390188175,8
Dept_3,9.104347868471972,46.54092724985132,5.067625644789616,temporal,0.7080053916611322,17
Dept_3,4.920156515159444,35.31498743318809,6.409967557435879,temporal,2.514065430818979,7
Dept_3,13.15723206344915,44.47038743618809,5.013100973651688,fijo,2.7616009829401937,24
Dept_3,9.255673866522892,40.608367183472865,5.262490471597101,temporal,1.5519905051027691,23
Dept_3,13.368784772503046,39.14149849135443,1.0,fijo,2.3823177320427553,26
Dept_3,7.245088054672152,52.562970753916375,6.8156955040146565,temporal,1.5420817449061541,16
Dept_3,6.672983560649608,33.57891878535173,2.8233804952734625,residencia,1.1467609972568664,9
Dept_3,6.267814642011248,36.29933197505108,3.3358328461710656,temporal,2.2144968860886562,15
Dept_3,11.980160897714642,39.882849655082964,3.9442553909919678,fijo,0.8509049977464811,20
Dept_3,6.598250877486318,52.07874696025041,1.0,fijo,3.8937840898320486,33
Dept_3,8.984436756367934,39.89449411603846,3.834886984273303,temporal,0.562486287168628,15
Dept_3,7.407865063468339,41.37126469277726,3.6956317765265414,residencia,2.2838273642292624,14
Dept_3,12.200419624488381,38.320822502066825,4.244333062134656,temporal,2.150239332559649,14
Dept_3,1.3234877669784435,41.79314289280952,1.5976409655192416,temporal,2.061475680722367,12
Dept_3,11.235164351116692,38.63091296681769,6.855417767122611,fijo,3.483393396023429,20
Dept_3,18.656715945479036,43.476613022166276,5.796113156391145,temporal,0.0,29
Dept_3,16.18013054366849,43.87093663242747,3.2719196092819285,temporal,2.411732105488908,23
Dept_3,6.916734390132639,38.829474185859006,3.8369071754256994,residencia,1.726622502622299,8
Dept_3,12.47300888082492,34.372599809519684,6.676296657546198,fijo,2.583975795513873,20
Dept_3,11.502827364199526,40.46784923512868,4.485049937759561,temporal,2.0546822758182595,17
Dept_3,17.346960315810687,47.01060874210583,2.5189283415925265,fijo,1.9249796202535316,41
Dept_3,0.0,35.86669703110395,4.832816259830249,temporal,0.7926853342782849,10
Dept_3,15.564336844675822,41.66958445196651,2.824313936416873,residencia,1.3268624995894425,20
Dept_3,8.662411636180645,33.97129784993691,3.5842536517550547,fijo,5.131509881952745,15
Dept_3,6.283855302747911,34.800963327617374,4.898751801954821,fijo,2.593102095942694,15
Dept_3,6.140989856026872,46.50182917651494,7.110422929811318,temporal,3.0525931743720456,20
Dept_3,3.5004684189435995,43.4576669132464,9.046649488460165,temporal,1.6481031763768432,5
Dept_3,6.9294079626303215,41.74482565019214,7.725231242764609,fijo,1.1443906314234407,11
Dept_3,4.601329730343022,28.391133678458523,4.8562875223952044,fijo,2.7764277744479857,6
Dept_3,10.901085852536593,37.235535642816465,9.514699602384354,temporal,0.096281730852249,7
Dept_4,12.949688161641902,43.034070015433436,6.1165386887365765,residencia,1.3492615006219475,8
Dept_4,8.71713295180819,32.75467246039505,3.0406229213725355,fijo,1.6454245452626988,14
Dept_4,17.498616031280825,38.23057305045702,5.189099704645714,residencia,2.9449891033686537,14
Dept_4,7.257893572715307,43.83326855309659,3.6861667062482475,fijo,2.4137127136213095,17
Dept_4,8.455687888017037,32.44430643327597,2.5041881473442307,fijo,1.527100271367391,12
Dept_4,7.63529678535788,31.603567065256016,2.6515524450835803,fijo,2.3689730121023453,14
Dept_4,12.993094369571974,32.5308594187791,4.705531643651115,residencia,1.6968481610233241,9
Dept_4,13.497867514259443,41.67242605805756,6.508411981226815,fijo,3.070037758934324,14
Dept_4,12.476834419855486,37.215007355685486,7.136406511591803,temporal,2.2361567220770824,13
Dept_4,9.379456730312652,44.390243132315575,2.5105641666172382,fijo,3.736442804766293,30
Dept_4,3.2968857046105544,40.605091926173074,4.3934826351578256,residencia,1.7222056726695603,6
Dept_4,8.402797095947466,49.4026735896902,5.9731813594701135,residencia,3.2253952328596727,14
Dept_4,17.390698569502657,33.81258900875326,5.30371719150322,temporal,2.0904139936951887,15
Dept_4,15.06618943717493,41.65885852554549,6.389092734093792,residencia,1.3027563491076677,12
Dept_4,11.4702519834336,36.02392614487675,4.130612590438286,temporal,4.601574515484019,20
Dept_4,8.077739714407784,43.00106349574015,7.5458304702103245,residencia,3.3097088243633404,10
Dept_4,9.931907613327377,40.5996794513642,4.991515956381922,fijo,2.2343232931799144,12
Dept_4,8.099978804821427,35.034395880898096,6.5154482714424145,fijo,2.765996349810396,9
Dept_4,15.965258440417733,39.21423876945562,4.238452570785794,temporal,0.9179813016970078,17
Dept_4,5.805165008032923,40.365490386058255,5.116781887077015,fijo,0.9531884873489114,13
Dept_4,14.618346411484886,37.00345530002387,1.807948297143049,fijo,3.1140902868275457,28
Dept_4,7.353987141706163,43.63583607491788,3.326489459916058,temporal,2.0047973787501205,11
Dept_4,16.604634151809957,34.84453691665543,4.585072622934158,fijo,1.8441824447987858,16
Dept_4,12.133879619040034,50.45504279016582,5.200123086534063,temporal,1.7120623050393429,14
Dept_4,6.253063000275656,44.76845150313427,10.0,fijo,2.152067435469113,9
Dept_4,8.453437932489964,41.743705595267684,4.236200014347575,residencia,1.7457505884487077,6
Dept_4,13.558203033616632,54.22657137348595,2.2467195359985506,residencia,0.0,15
Dept_4,7.504285882129703,38.453505870533675,8.404969438909847,residencia,3.4158752668283014,10
Dept_4,10.110682426906031,43.056879337821734,7.157675502056864,fijo,1.8894396381612142,15
Dept_4,7.435279154255278,41.11340231799604,2.686975593188274,temporal,3.8315286296380284,18
Dept_4,18.795585741242732,43.98733846603912,5.930524139758618,residencia,0.2378037238257369,19
Dept_4,19.65535946475665,47.480581835333105,6.670412846659033,residencia,0.23388067740299134,11
Dept_4,17.31561976695862,42.7447468830568,5.327650226999433,temporal,1.724586464482761,24
Dept_4,9.378130174330835,45.208969476575994,5.651643840795685,fijo,2.9775273185396314,18
Dept_4,7.986236766465158,37.24806004826704,3.7354876634817593,temporal,0.7803327784725569,13
Dept_4,6.104182102429352,38.96924925768101,6.007578664444814,temporal,0.7415219446745898,14
Dept_4,17.67860645401553,48.19143780131502,4.017291440837609,fijo,2.371952338710406,26
Dept_4,14.653618553505845,42.9842808176468,1.0,temporal,1.6871263333812816,25
Dept_4,14.893804407536702,41.241618224290946,5.39253194413222,residencia,2.544079911095245,12
Dept_4,8.750360315595541,36.23377895458241,1.6481013709046763,temporal,1.7050501967525995,15
Dept_4,1.2105125787104587,44.83298040567475,7.026988326915454,fijo,2.3851372828049833,10
Dept_4,2.3602119522961837,36.0926728950877,2.7383597131295336,temporal,3.366133238946735,6
Dept_4,10.288170314512548,34.61917072114947,1.0,residencia,0.7824532082440039,7
Dept_4,7.386628718168323,40.57462875514461,1.4614176782873738,temporal,3.1847870138161265,15
Dept_4,6.811493528036842,27.987537332356546,4.9170466834228295,temporal,0.29585253132667844,8
Dept_4,11.725741868643121,43.055383581854876,5.373015624480138,temporal,2.609336573836615,14
Dept_4,15.06829914929746,41.884720983706444,2.1747263673792014,temporal,3.419269169363041,16
Dept_4,6.493864657016253,38.2359822068207,2.8552234905154386,temporal,1.4759319763472702,15
Dept_4,3.471951571719111,38.689409207199816,4.983862224227237,fijo,2.6445551141916948,9
Dept_4,6.612644122611367,39.40339547666801,6.944455515941263,fijo,1.5129068430504586,11
Dept_5,4.780180187240337,36.05436311226329,2.5798356385242243,fijo,2.585381134126975,22
Dept_5,12.964163079629945,40.92286313749147,5.758350525035789,fijo,0.0,14
Dept_5,9.979456228950392,38.75302534807243,1.5226187420417108,fijo,2.162156664087415,19
Dept_5,19.402446141177798,40.562260766443096,5.631777473409067,fijo,2.3953909638434636,20
Dept_5,13.673425598191312,39.22135707332628,6.511584162111887,residencia,3.3446819510731096,9
Dept_5,19.06928068499083,38.23735663754376,6.048413221445012,fijo,2.9252555412798147,25
Dept_5,2.9806232004619213,41.392463117188186,6.988795561375394,fijo,1.8387639476024946,6
Dept_5,0.0,43.90549921465755,6.855484801057686,fijo,2.2680647979486417,10
Dept_5,11.214960142177008,37.37615427416051,8.693863631900241,temporal,0.5538835750937074,10
Dept_5,10.616101204960536,41.97736645822979,5.217236838118173,fijo,3.644074938040169,17
Dept_5,9.386072927260315,42.597152052570955,8.699782771394087,fijo,2.6911593983220707,16
Dept_5,10.478983628148224,33.580680589967145,3.1118018198268347,fijo,0.13909923078923936,12
Dept_5,4.379869076346958,44.88272237576904,4.589316512557051,residencia,2.245987048128154,9
Dept_5,12.815893489422253,50.282256653279944,4.769993653919866,residencia,2.322340444477964,20
Dept_5,13.680966200511687,39.55952154668727,2.914431081619676,residencia,1.2260561041371396,13
Dept_5,4.0012564149844625,39.14402295647985,1.0,fijo,2.096865535626178,20
Dept_5,8.231817895753544,38.93496919202326,6.738596723623301,temporal,1.125519801685282,7
Dept_5,8.540680754301196,43.10302877399652,3.140131692194683,temporal,0.5954024272934169,19
Dept_5,6.6459454891986045,42.553892633249056,4.198341985434109,fijo,1.3866530173759468,9
Dept_5,4.1944380493338915,32.04669398839573,8.16917052954139,fijo,2.171590259139284,7
Dept_5,10.062524955127122,35.66939474882919,6.144170150945623,fijo,2.928331733376234,14
Dept_5,11.304027603321492,42.536564249458436,8.480422909470054,temporal,2.0698184508715185,10
Dept_5,6.949089456178523,39.27489115060124,5.241062068192546,fijo,2.9380913689397086,15
Dept_5,4.546057011217712,34.1694104638024,6.110985454595418,fijo,2.6487030777040514,15
Dept_5,12.052786225206864,47.50130090144008,4.5186568849994995,fijo,0.964601954162142,18
Dept_5,6.163397623821724,36.0014336687101,3.3026074024469567,temporal,2.641103037041897,8
Dept_5,8.45397243200397,40.17888560998464,6.103585908270624,residencia,2.668743402621395,7
Dept_5,7.8196168592088995,39.14240444285513,4.12819758033902,temporal,3.7418010474369607,11
Dept_5,16.228543320848306,34.60655599524721,6.2890439324874485,temporal,2.4106543613356517,14
Dept_5,6.39284767973191,40.92477401090217,3.859061964023562,temporal,0.7653259521874669,5
Dept_5,18.627632895044922,41.9605344174971,4.649233494628966,fijo,1.4459192036597743,21
Dept_5,13.761509690707534,37.66161984085186,4.809434989398849,fijo,0.1474428652405393,21
Dept_5,19.104493378946763,38.319038678052586,7.1539300500913185,residencia,2.5104775188058,16
Dept_5,13.323194147898368,43.002435213813065,4.151302717548526,residencia,3.6539675407780416,14
Dept_5,8.894777761489147,30.12430867168306,7.373980239185236,temporal,0.0,6
Dept_5,5.413168354239029,35.774980748761394,3.190296519198798,fijo,3.6962303425235743,11
Dept_5,8.222943046128632,41.0671744826619,5.539715183339213,fijo,2.4972375030393548,14
Dept_5,17.436405126116135,37.36630636504942,3.6247987448224217,fijo,0.9234183458427867,23
Dept_5,9.760306038275573,37.294854681352746,7.231491644479419,residencia,2.256694639492551,14
Dept_5,13.30459693577554,44.508462730980845,3.362673008928959,temporal,0.955672322635676,23
Dept_5,11.034856725329963,36.83337858981159,3.566534512355665,residencia,2.4404197655827637,10
Dept_5,11.248305892546206,49.89589125556912,2.48739513300952,temporal,2.0633610501085498,20
Dept_5,11.440798419824572,31.22743711055541,5.206081228972043,fijo,2.329343569381472,12
Dept_5,12.476707434162261,28.940030833889658,6.1820974096987,fijo,1.0810606828135572,11
Dept_5,5.929462544545949,44.39468080734229,5.966258367381594,fijo,1.2266793933854814,18
Dept_5,8.625478645469025,35.08024370313976,4.71152408012589,temporal,2.5018214128389715,7
Dept_5,11.546566665081698,35.16463205863503,3.6789177369253645,fijo,1.4972737060673347,18
Dept_5,10.817436112500983,44.923666369098385,4.4426401645842075,temporal,2.1490178081716556,12
Dept_5,7.693976981938831,37.513657069767696,4.518940954129594,temporal,2.452983529707083,12
Dept_5,12.083004573805525,44.55180907932453,5.505220854844,fijo,1.777644142195494,16
Dept_6,6.144293217213904,36.9479402862377,5.367705620946449,fijo,3.155101178371748,7
Dept_6,3.884969155318652,41.81265760987653,8.479438149168697,fijo,1.8144495169852626,12
Dept_6,11.474928839445719,37.442887600107895,5.079272130162966,temporal,1.78442451292833,12
Dept_6,4.007541312396214,35.40093862064856,5.72160193693042,fijo,1.3682948245871662,16
Dept_6,11.400620012098177,48.65300678767359,5.142911612810524,fijo,3.039982025278316,22
Dept_6,0.22659502200623294,45.58231088179913,4.346532880069341,residencia,1.2927917599756682,8
Dept_6,6.3750608042160035,36.3667965853366,5.708149002027891,temporal,3.2544901941535693,10
Dept_6,8.362115434754424,39.108019815927804,4.1586788121031635,temporal,2.1631127113654105,9
Dept_6,1.9668241269116962,47.381133992056405,4.883565497425298,temporal,4.68209481364969,12
Dept_6,8.136638635634135,35.05889792469239,7.318537076955407,residencia,1.3395401264374915,6
Dept_6,15.925098189762057,35.32945981595956,4.029281143415043,temporal,3.27519390449444,19
Dept_6,3.6484563655822217,42.35030236152427,5.774687871506135,fijo,2.5102419795891495,9
Dept_6,8.273133772393246,51.35247280130611,1.0,fijo,1.486245787816741,25
Dept_6,18.513223346860997,40.26915775933725,4.629312178686235,temporal,2.5236796560305237,25
Dept_6,4.690695684946159,45.249056197433504,4.015762540616967,temporal,2.474954015430535,11
Dept_6,16.98611675866936,34.91280121855666,5.24052086860462,temporal,1.668061374814411,15
Dept_6,8.604973599770187,41.80526170968017,4.527526447336108,residencia,2.428280879007511,14
Dept_6,10.509560429414575,38.20192644074219,5.283035550148761,residencia,3.1634415928142063,7
Dept_6,16.457411157046923,49.33312539313374,4.242667427944098,fijo,2.5113541607259986,33
Dept_6,7.574510303494903,47.99345422206565,5.77266939823169,fijo,1.580814830273597,16
Dept_6,13.155128367017426,51.39708368425681,1.570715997026221,fijo,1.5244976143243574,26
Dept_6,14.422985533627937,36.52255355451296,5.222824592160858,temporal,1.9125901317584684,13
Dept_6,6.7459299637896635,40.17749103702971,3.1258415003668505,fijo,3.1124620145821633,24
Dept_6,6.192849164506022,41.87583462162031,7.335733086548134,fijo,1.2462109094037732,5
Dept_6,8.856984521755168,36.71766181837058,3.0935720282400756,fijo,2.3921311743141445,12
Dept_6,9.013423294193803,40.655275998637016,6.9904413680400905,fijo,0.43753243837499944,12
Dept_6,4.6052601045440555,44.544890181794145,4.976934717610536,fijo,2.5946115075296268,15
Dept_6,6.7919975066598415,37.248172361342476,1.3424743536894121,fijo,2.7517708979708067,26
Dept_6,0.0,36.48321770131487,3.247465301637752,temporal,4.027621496249072,11
Dept_6,8.328636583527969,36.151721119150665,6.695602048258638,fijo,2.9252930537162785,13
Dept_6,14.471970901506587,33.28148807605656,6.582017649699177,fijo,1.598799074389658,11
Dept_6,1.6665543261272528,44.26996433546759,2.4012984545391696,residencia,0.4654207026191881,12
Dept_6,7.684277342282332,36.4716583213706,8.12571145128517,residencia,2.5141964859880104,9
Dept_6,22.21166403921611,35.944463348756,4.950871585980232,fijo,1.6727776966049044,24
Dept_6,9.88719979333233,42.6453491758637,6.769691308401923,fijo,2.334102397724238,15
Dept_6,16.783971839039854,39.94691989558743,2.5763173009136993,temporal,1.2798149197908382,18
Dept_6,4.940423391544013,37.372348199474516,4.088101967653872,fijo,1.8268037783529303,9
Dept_6,12.244092028861125,44.05314405333001,5.83180854051571,fijo,0.3000146979607605,15
Dept_6,4.088908849791558,37.172769340462885,4.373673094008739,fijo,0.9537939029236926,11
Dept_6,12.00532307472142,29.115245138530277,1.0,fijo,0.8127297743383304,15
Dept_6,14.211241173798918,46.66621494352907,4.618435326014289,temporal,2.872789839282155,26
Dept_6,13.02487922764838,35.85902262155336,1.0706037111489168,residencia,1.1727357627247867,10
Dept_6,8.275313371342412,36.40522910572368,2.85861491681895,temporal,3.3779300759747137,16
Dept_6,11.374667830089457,36.42731469510975,2.1942644145089765,temporal,1.1825561187009614,12
Dept_6,11.422459677047476,40.29800494487318,7.26511091416641,fijo,4.095938067563793,16
Dept_6,13.329948277275761,38.62878771396855,7.892710209887644,temporal,0.051165733411180137,14
Dept_6,9.38116525896707,44.94035556429069,5.6831278635016185,fijo,2.424301799952188,16
Dept_6,14.65569400117617,48.22556996255202,4.539862596055611,fijo,2.0385980321572945,33
Dept_6,17.17302699648029,36.60400260783816,5.05667755896719,temporal,0.7885584859561774,22
Dept_6,8.410662766475,35.30996287984125,7.263709670032188,residencia,1.4490684311350008,9
Dept_7,10.232198639709802,37.390493126564145,1.0331434133745874,fijo,1.7387184821136326,17
Dept_7,5.475926080941438,42.19529145660152,2.8497962190436925,residencia,2.2498062600313697,7
Dept_7,11.70128661912134,39.41819515618709,7.008084805583925,fijo,1.0635833011360234,11
Dept_7,11.733188638903972,37.49794244895243,7.424541956195867,fijo,2.425320388555482,7
Dept_7,10.289931925168512,33.51494751616769,6.179442600026716,fijo,2.1197238499971807,9
Dept_7,10.666998271506348,28.955555785997838,2.910056868296409,temporal,2.7791847606414137,4
Dept_7,19.609131945370933,34.97641222399284,6.979097962146875,residencia,1.1376379757902049,9
Dept_7,0.0,46.322079309259394,7.722865382557703,temporal,1.5906669996972442,3
Dept_7,7.516715610202649,42.179963865320985,6.436500535008381,fijo,3.4421183764634806,8
Dept_7,8.2813816095396,39.04232338631233,1.0,fijo,1.0939615076941518,17
Dept_7,17.284563064771504,43.64893398278695,5.249189617831953,temporal,0.6075232801680686,17
Dept_7,12.376444046592903,33.56058422449291,6.170480128583631,fijo,1.3690448369205024,10
Dept_7,12.498429180690781,40.28375025777811,3.968765339355471,fijo,0.22405030119994707,13
Dept_7,16.299280954515623,31.06822437830029,5.37335384819518,residencia,3.67289347749836,10
Dept_7,9.100216490983597,41.73009513076741,3.973081677287656,temporal,1.717236664836277,8
Dept_7,13.261632679141158,41.29757588022714,3.276813208226508,fijo,1.7268946145344273,21
Dept_7,7.346170559233216,41.41654111594324,8.021181634506878,fijo,2.7425269571859774,6
Dept_7,4.7334683707726875,45.83809039979913,5.430137340504532,fijo,1.2744431169905313,14
Dept_7,18.97083493651494,43.87997398264555,2.7880407076666067,temporal,1.7840696306502788,26
Dept_7,11.84515864882065,33.955431923363676,2.246799936922369,residencia,1.248056338334952,4
Dept_7,13.223312974373009,45.91359663940339,3.2780357893162755,temporal,0.24496908946132967,9
Dept_7,4.59912657617333,38.95274025840668,3.2888532504847254,fijo,2.0507578804855355,7
Dept_7,12.55176322930944,30.14925749167733,5.293060556042675,fijo,3.0257274289584357,9
Dept_7,18.891163734359196,39.456221875460976,5.971113444377651,residencia,2.079294953170136,12
Dept_7,8.612749658078025,43.23564545071173,5.9689736996679015,residencia,2.9197913240500055,10
Dept_7,3.7210027941069796,34.93074051527024,3.4997760256904176,temporal,0.9042081009330898,4
Dept_7,10.919880968270554,46.66429121853594,6.841261429167031,fijo,1.245960753057235,14
Dept_7,4.820515473948524,35.38341720423919,7.455688630272906,temporal,0.705702934910091,7
Dept_7,2.211006517644888,37.594540212321895,4.4800732659613125,residencia,2.3665575453117906,2
Dept_7,6.326171526296074,36.67631232129465,2.935858405755952,temporal,1.6823913700174014,3
Dept_7,7.537011026119986,31.455118944100953,5.20056502908349,temporal,1.644941417868401,6
Dept_7,5.063751027245209,35.03433188639818,9.320152496126333,fijo,2.6689861898515495,5
Dept_7,16.6323339106928,36.44070347747115,2.8834048642488943,fijo,1.5270170161130514,12
Dept_7,19.448050023197375,39.34947233076808,3.9476733940663404,fijo,3.07967171338837,23
Dept_7,13.090440081037162,24.992627540594487,5.114868120595269,residencia,2.235657587987198,5
Dept_7,11.920977460515301,43.582765116799145,6.083328049031876,temporal,1.6338521591988147,20
Dept_7,9.289759436444443,43.533368507218356,1.0288400129588111,temporal,0.44839666140137524,7
Dept_7,5.518335929434681,45.90730622794689,7.611775388600348,fijo,2.663274278037027,14
Dept_7,18.014551155368174,32.54172260958299,7.58458389736284,residencia,2.282935630881526,9
Dept_7,9.685732514548278,38.53584290084082,4.1504127184185435,residencia,2.3310684757649383,5
Dept_7,7.687072639667498,44.7071781007478,10.0,fijo,2.3629636003026353,9
Dept_7,15.073783120016014,45.13747908863938,7.455410765851585,residencia,1.470913931276629,12
Dept_7,9.632079050597934,47.39465469126278,7.348899865976414,fijo,1.8486259220323675,12
Dept_7,14.886471215457394,40.51357487286105,7.375106379562024,fijo,1.5414487297540227,11
Dept_7,7.951256467322281,39.72013071029073,7.31743211741608,fijo,3.2500644837439685,7
Dept_7,15.088184627268365,32.2102540190583,4.956181023435441,residencia,1.7248797068133506,8
Dept_7,14.898836084706819,45.32438097113655,4.758080009734294,residencia,1.3807598087000619,10
Dept_7,16.624142109950462,37.69842879166976,3.1128598645596766,fijo,3.3187640782957075,18
Dept_7,6.452875802032533,40.16970488717865,3.8452564595406242,temporal,3.2099712350029534,4
Dept_7,9.58480281810505,39.83585286378011,4.378204635428961,temporal,2.236374292137607,6
Dept_8,19.738850394681243,28.026738707839563,5.130920100379534,residencia,1.870131673252721,14
Dept_8,8.767939604477743,35.94272137981642,8.196592095007007,fijo,1.6204504652323237,12
Dept_8,14.055128990162384,42.26940685018257,1.0,temporal,1.9560259237961244,28
Dept_8,21.45282508810961,39.757070986094085,7.689868552155226,temporal,1.125288416790617,21
Dept_8,0.7547940206626897,42.30911487918205,2.976248042947628,fijo,2.483366940824098,17
Dept_8,8.602221810142124,43.919234701556924,4.790960313112427,fijo,3.652502964092954,20
Dept_8,10.009350919459381,35.883797096787596,3.5512042870767973,temporal,2.562619878734863,12
Dept_8,1.0056067036305194,37.42424859677097,8.708553818931327,fijo,0.8967637215644018,9
Dept_8,7.720143910097287,39.294064372206,4.000084458068191,residencia,2.4551007659680177,13
Dept_8,5.143093614729669,43.86749477272078,6.042895853258423,fijo,2.1945385636308745,20
Dept_8,14.28842734175422,38.8295098089652,6.146533356552469,residencia,2.4462948033029757,15
Dept_8,1.3367632243620093,31.09451422985562,2.679986499758881,fijo,1.1804312554266718,8
Dept_8,19.44661310990273,39.009085643274666,4.806459295723119,fijo,2.0033573424779494,30
Dept_8,13.449487066289725,43.666352254843524,7.4086525262141,fijo,2.8830989009953383,19
Dept_8,4.730892098864807,46.785097114091485,3.253530378314035,temporal,0.9300021094906452,18
Dept_8,15.132097274359888,41.40287962092387,6.657931218962537,temporal,1.5508767688467135,14
Dept_8,12.984898367587554,32.57001661800351,4.337840057398144,fijo,1.7121463554191043,18
Dept_8,9.806161876046627,37.968146270924684,7.327308046073208,fijo,2.998367118870968,18
Dept_8,6.392715587120668,42.37528573844601,8.49499388377838,temporal,3.147499246578517,11
Dept_8,12.73831641003742,44.331073790786355,1.0,fijo,0.08486774565603361,21
Dept_8,10.614601828739646,42.53535793611572,2.3237298197820384,temporal,2.9975087863295626,21
Dept_8,6.553797438674077,38.74196230975904,4.122980772540476,fijo,3.178955083267427,9
Dept_8,3.2837245295191337,44.292577148878,7.930848841688562,temporal,3.1146874277819028,10
Dept_8,5.7470548958143315,36.797174537024674,6.064932109335886,temporal,1.4703727606622046,8
Dept_8,7.483510721813874,40.923245364370686,2.510496802057707,residencia,1.7701980519062086,6
Dept_8,15.812436420957374,43.748937059533674,6.357840650884993,temporal,0.432578735766475,25
Dept_8,14.303794748786206,42.88317903501783,3.172530534796425,fijo,0.0,22
Dept_8,7.749662328429624,42.99547485112637,6.741063868430712,fijo,1.6384855948056352,22
Dept_8,7.944030201538036,42.869574968100856,6.077929994707981,temporal,2.0764687155402934,16
Dept_8,14.956761397758498,34.756530613536846,3.163776371150335,temporal,2.176769471987085,22
Dept_8,11.336733747126313,40.087787749649124,4.868091132956211,residencia,2.8211396541478875,14
Dept_8,11.267073799371499,35.45377270778971,7.449367523178511,temporal,5.061135784893347,22
Dept_8,6.483122972528408,38.552629718235,1.2159253856734948,temporal,1.6040093351030098,11
Dept_8,9.382905714759271,34.15580034997904,5.60221761423743,fijo,0.9444308620904418,19
Dept_8,10.021308336095439,41.72483353175977,2.7862013562327155,fijo,2.5461346805872913,29
Dept_8,9.544041265131446,30.174241264096928,4.967624781502382,fijo,2.2222423869559425,12
Dept_8,13.670339559279315,43.086405963042324,5.91552447371456,fijo,1.4254785791806546,29
Dept_8,13.82676919708025,40.07673893909516,9.026337947856682,temporal,2.91085217412239,16
Dept_8,5.405210826502317,49.51079822038767,4.947404438323959,fijo,1.1880650152853247,20
Dept_8,7.498927421245614,38.97699923989394,7.931051318443852,fijo,1.871433280528611,11
Dept_8,6.563132333898519,38.975516514023425,3.3190036265019884,fijo,1.9290822584334966,19
Dept_8,16.942628830551072,43.41266141264703,4.009959874033046,fijo,1.0522872977304942,20
Dept_8,21.2674526488292,39.26753642710779,6.174117191697366,fijo,0.2902950202497332,17
Dept_8,7.681893124315443,41.374164036499614,5.403522096813924,temporal,2.2189500123875856,12
Dept_8,9.164523772215585,44.9720002104429,4.343162236345396,fijo,3.368715488489024,34
Dept_8,14.211574155986657,38.6624258117956,4.2889711086246285,temporal,2.9609018556479767,24
Dept_8,6.463944603851385,45.97630084515734,7.666589111837,temporal,3.0277995822041093,17
Dept_8,14.324541637912382,31.60433072242692,4.423115657944853,residencia,1.2010503041630989,10
Dept_8,9.89565368468894,48.017399381774126,2.9583013585678057,fijo,2.2140695714903003,25
Dept_8,1.281301485250184,31.059169592773337,3.2902487514845578,fijo,0.5758402854292224,9
Dept_9,3.4978320981415267,46.76093655848759,6.339802271363233,fijo,2.168915012858787,8
Dept_9,8.310729663746041,30.66768765847899,9.513044902424907,fijo,3.388784507474798,8
Dept_9,16.11474277395423,49.90292059204894,3.952034633404032,residencia,3.4198371233940748,14
Dept_9,5.537327008055109,40.804381067899456,9.297251050713527,temporal,4.03044866764353,8
Dept_9,7.329496993460175,35.275578837080744,4.978318464880352,temporal,2.9891780243461135,12
Dept_9,11.055621133912988,49.3255988342757,4.44037554004073,fijo,2.4757490558772535,16
Dept_9,1.6561752196949602,34.55564963803679,3.1794458567364963,temporal,2.8747231824021346,8
Dept_9,11.492766405288238,38.86323060256727,4.6039723995017,fijo,2.680574159651872,13
Dept_9,2.2812995695044904,53.023561454896786,3.4877187196959225,temporal,1.1927457525884644,12
Dept_9,12.835921047308931,41.977690772554546,3.3272383519786324,temporal,0.4846700194339071,11
Dept_9,5.956109588813026,29.869926011089948,1.695899464788675,fijo,2.882758719419752,10
Dept_9,5.289754298925923,38.63353891313507,8.532233369299227,fijo,4.093348260558523,3
Dept_9,11.363983122658968,38.191202687454705,7.128771883067957,residencia,2.9239714278716225,7
Dept_9,13.96995254750533,40.94258438282085,5.54320073524499,fijo,0.11127628408944479,6
Dept_9,11.881299280285935,39.77778514069355,4.7119680766318375,fijo,1.4806981559609873,14
Dept_9,11.038217499251779,42.72925248916797,4.988839404466406,fijo,1.803307230127775,14
Dept_9,11.109011047086153,32.35972874604033,3.4461821422152563,fijo,0.14395667313054594,17
Dept_9,11.91160943880831,37.260484799072486,2.732297000030869,temporal,0.6231029582103005,10
Dept_9,12.24018098024252,41.5592181601595,6.434828226461816,temporal,1.962924505832527,11
Dept_9,8.028594749665235,36.18929096281712,4.475554609815481,temporal,2.2616343777027055,5
Dept_9,13.2725147439037,45.47971791728973,5.651471426057781,fijo,1.0139858573002767,12
Dept_9,6.009048874093998,36.289315787326196,1.6751220727536262,temporal,0.577060359456377,10
Dept_9,15.456966318106872,40.716645446683295,4.369142396050661,residencia,3.1933058792174354,10
Dept_9,13.91221824394241,39.47521517445388,2.693280391125106,fijo,1.6174711416210243,16
Dept_9,20.904505022923537,34.926595632163384,5.9681115046898725,fijo,1.7605878243154676,16
Dept_9,12.569242256527849,40.302454976057874,6.990555705154371,residencia,1.4533297575100592,8
Dept_9,14.545498432737949,33.440339225579606,7.919398778427638,fijo,1.2288247075498475,6
Dept_9,2.19730855993698,37.78194386612699,3.742040534108283,fijo,3.3027832768210437,8
Dept_9,14.708483711528615,40.151370772476525,2.744201815935262,fijo,1.120203654629581,15
Dept_9,15.882280111821318,32.86330905463321,4.162812784055465,fijo,2.179683492577264,10
Dept_9,17.523606466942255,43.117508204602615,3.601374155972575,fijo,2.008704329651233,24
Dept_9,10.602331761707497,41.3018733425473,5.862466752292875,fijo,0.05182622114270741,11
Dept_9,8.29053311945995,42.66000388144362,2.194435415748196,temporal,2.240946881999318,14
Dept_9,4.552426123616895,40.01234538070027,1.4912098754385203,fijo,0.45603110152476645,8
Dept_9,5.009820190664806,34.24658209354112,4.307103405285251,residencia,2.6354601088299123,8
Dept_9,9.871966627221418,39.99963574043762,6.453012128798847,fijo,0.8135834702829898,10
Dept_9,1.24281001398084,43.11548541824712,2.945086617818761,residencia,2.5220186105991496,12
Dept_9,6.158906959593505,34.048456052668676,6.698226591212818,residencia,1.5704941552632214,4
Dept_9,10.447610253803257,34.44586991706028,5.730675468053867,temporal,1.325675252797616,5
Dept_9,10.336017263551057,38.76957807024445,8.093591173478748,residencia,2.210566457311559,7
Dept_9,5.1530312331458505,38.14335232483837,3.395490667125821,temporal,0.5281409322823785,10
Dept_9,3.8306834477068152,39.91918082690617,1.787056266406275,residencia,1.9307793410367382,4
Dept_9,4.577437718069916,38.54151027148026,6.197083520430217,fijo,2.7822500399402452,13
Dept_9,8.89573920597565,40.799997728985936,5.5597490756895205,fijo,3.042604431624458,8
Dept_9,20.648985715416327,46.10909009724679,5.404996014389038,temporal,1.537369086276211,19
Dept_9,15.301695430336359,42.69194194298679,2.904344591491435,fijo,1.6833476994926055,22
Dept_9,11.070972019421205,40.28075827168209,6.550301214651327,residencia,0.5080975373068748,5
Dept_9,12.769453826718511,34.46644226527114,3.7331483858498573,residencia,1.2492868381193682,7
Dept_9,15.079324369400707,36.3900670611223,5.404120957353264,fijo,0.43988949309048064,10
Dept_9,13.378093254644954,44.20867089523422,4.080863776498116,residencia,2.44007359523518,9
Dept_10,8.458950132863714,37.65757303070841,5.7087631805686705,fijo,2.842166719729404,9
Dept_10,5.772058967142308,35.161239357531436,2.6097390973700207,fijo,1.5457758281837306,14
Dept_10,9.373629146372313,50.49016559389397,5.999356614491987,temporal,0.9417678513054186,21
Dept_10,15.021208334559603,47.62229686963338,6.315178519047886,fijo,2.308191773579674,32
Dept_10,8.648044122778796,39.37773290433572,5.231956316565395,temporal,1.1320342935150773,14
Dept_10,4.476621854311751,34.586677492156305,8.287793450403388,temporal,2.6719388688465955,9
Dept_10,1.3827600361283867,43.61679423636473,5.4143206416247605,fijo,3.935430282703556,8
Dept_10,9.394846191608943,37.54966000835438,6.837507520073338,temporal,1.1155669402985784,12
Dept_10,4.871788787310792,44.44266381406024,5.184833595598095,temporal,1.2583243971096525,19
Dept_10,7.817420568118662,37.55473294618687,6.658797728009444,fijo,0.5404292984570718,13
Dept_10,17.281162644266605,48.22697783947628,1.933391368677151,fijo,2.146109093327877,47
Dept_10,9.730751443765298,37.40629184302076,5.065889594750173,residencia,2.0781240685981324,11
Dept_10,6.247696126256113,51.823667423017994,2.746129274403277,residencia,1.7294407039372977,15
Dept_10,11.543756404959346,40.975288924398406,5.28085439122357,fijo,2.0161470475522716,24
Dept_10,19.604773335401248,46.9215281702722,5.768385420020145,fijo,0.9563250179448377,29
Dept_10,9.396518757964872,37.299498204950666,6.614995226091708,residencia,0.33680032319588915,10
Dept_10,0.0,33.443248739959095,5.979819852811162,temporal,1.2409302239094562,7
Dept_10,13.250382882629898,28.468885978215525,4.326294070445719,fijo,0.08447728392689835,15
Dept_10,11.732150304634185,46.383019190400155,3.4928090232783795,temporal,1.1154717700713053,22
Dept_10,10.45061177747863,40.340069549880205,1.0,fijo,2.309727440991166,28
Dept_10,8.904113706695162,33.76212274739146,5.137705155701104,temporal,2.0596651856465478,13
Dept_10,5.9636391255760905,46.59101525542928,7.275723428618068,fijo,0.22621726958624455,17
Dept_10,17.574871119669286,45.77997008380414,5.216786933296389,fijo,3.049346545597032,40
Dept_10,0.808453326454762,46.91192920185267,4.830496617543577,fijo,1.8054291025224716,14
Dept_10,8.455194595941304,33.301069857785706,5.286114577098822,residencia,0.7006763982172104,6
Dept_10,8.338299142070635,46.23205650522877,4.224581200113807,temporal,1.6356450901134707,14
Dept_10,14.267209011985967,41.92020987837771,5.38993577168111,temporal,1.416988251190972,22
Dept_10,16.17830322691872,47.13811518653788,4.190072677374817,temporal,1.1322612968587094,33
Dept_10,8.866330949862537,42.71365582272191,3.202237201956838,fijo,2.8125927038575975,25
Dept_10,10.964829261343432,40.86507781423819,4.849402810716169,residencia,0.8936750204328361,10
Dept_10,11.389934072386195,46.299926172311096,4.805794118770665,fijo,2.184646158503202,22
Dept_10,15.266631197047921,44.25949719092158,8.750340174252575,residencia,0.6586818099391993,5
Dept_10,15.163652236815324,45.40882799386517,3.3886200139957774,fijo,1.9631039069072864,29
Dept_10,7.307932277505345,37.55976299674606,4.6811165919639945,fijo,2.2654226812479776,11
Dept_10,12.189507007181554,39.137953130027604,4.486669347276958,temporal,2.2673382800864506,28
Dept_10,11.91625896236432,31.33093203876668,4.104634334839117,temporal,2.0808061387072394,15
Dept_10,9.420450265750654,37.19937965466703,6.026210478213303,residencia,1.7609847502620795,8
Dept_10,11.868908670160797,43.951967693194845,9.475926035648435,temporal,0.9359058485728997,18
Dept_10,10.100938809381125,42.82093908799194,4.358345606658781,fijo,0.9474482106531266,20
Dept_10,10.789452995572432,35.10233945034847,6.031788983239077,residencia,2.298828801411863,8
Dept_10,3.219968441437505,46.411727101175465,1.1752560181055771,fijo,0.738591162996421,20
Dept_10,5.4101931396568546,54.86537642685143,4.212940940031936,residencia,0.5092925723509552,14
Dept_10,14.088777547865957,35.48637772710678,8.1104822792244,temporal,3.4297698159135175,15
Dept_10,3.947060615904406,38.970590989780646,4.890039213104038,fijo,1.7402831029850492,8
Dept_10,12.350546045978469,36.89202287224287,6.004680030018584,fijo,2.6350146860713464,28
Dept_10,9.592870094872746,39.525571219034624,3.7544977277416223,fijo,2.873488212885673,29
Dept_10,15.153273646649154,41.369530002409114,5.51511438371293,fijo,2.0511269941314287,25
Dept_10,13.244002710483427,36.51333530706237,8.265552493572162,fijo,1.6232232871403578,21
Dept_10,7.733604147715824,38.615401029640836,2.6798340754617955,fijo,1.6402147826956277,21
Dept_10,8.883758260642251,40.43621599296388,9.373085010351579,fijo,3.6080305722689117,18
Dept_11,0.07231092719957388,42.358009830037766,1.908111636211916,temporal,1.4411921688720417,12
Dept_11,9.348009424036356,47.3324645249267,4.028996313028983,residencia,2.17643184576697,9
Dept_11,3.649256286979048,39.92760570667625,3.3281656304408296,fijo,2.6773191465991113,13
Dept_11,8.906468209957218,37.19082182405171,4.455078036465514,fijo,2.250709777857417,11
Dept_11,6.810408830220652,43.48169573849439,3.3021942493518504,fijo,3.084383631260806,16
Dept_11,5.616853990552595,42.000864394864045,3.1505606730141027,temporal,1.6133839863372113,14
Dept_11,15.938622560601068,39.03586202087635,2.6265067889767586,residencia,2.6733501894090703,8
Dept_11,3.6189455149647305,42.42508362413413,6.288107257112442,temporal,0.20539125815745685,5
Dept_11,5.184674432940773,38.08425710637078,4.524084008118839,residencia,3.3469154638699954,9
Dept_11,6.508944783049602,37.34807990472784,4.000979160600984,temporal,3.123150100481699,9
Dept_11,7.594409705647044,30.503414226034206,5.564513821164322,temporal,1.6955740211951564,4
Dept_11,5.616107442642279,38.36038446302211,2.010728977818881,fijo,2.43883843675644,11
Dept_11,8.204257538468537,31.187385095747302,5.6127450879326926,residencia,2.8910649694624704,7
Dept_11,11.510771584094323,36.80298075582015,4.812461197957508,residencia,0.9622470720608289,5
Dept_11,13.349293790144827,42.897403682986614,4.873924339941545,temporal,1.8554739044373127,14
Dept_11,13.106539787051263,32.474151630822,6.038333501813891,residencia,0.6942500227584478,6
Dept_11,0.4589871083446777,39.05077527916817,8.287048017586983,fijo,3.1384164263603767,9
Dept_11,11.900979467557187,40.32736833883649,5.6459494839097175,residencia,2.8227606208291642,15
Dept_11,12.209492463565633,38.80702897834383,4.600250984390435,fijo,1.7190510838521553,15
Dept_11,6.688004281444121,37.59332586379753,2.634711224848131,fijo,1.6030867008456113,13
Dept_11,18.338421031535695,41.62694406776319,1.0,fijo,1.851043439165053,30
Dept_11,15.438331159072936,42.32049600283302,5.255768334325725,residencia,1.1027426649241336,12
Dept_11,9.084878084294777,40.007630642698146,2.4807333196382655,residencia,1.8259624236385137,12
Dept_11,7.020158473658836,37.87119541098536,1.0,residencia,0.9622692220157634,9
Dept_11,18.257222304714794,44.32367966525054,4.298259153801485,residencia,2.898331116178841,12
Dept_11,9.904931310702727,33.44629969875875,5.478963471523755,fijo,3.1369357065545946,12
Dept_11,10.425185288302036,43.436892792376106,6.488607633071882,residencia,2.9451929880127987,8
Dept_11,10.362282985629246,42.09847195660828,7.122501427209045,residencia,0.805800160513916,7
Dept_11,21.515522356079906,40.995134219066344,6.751424327190097,temporal,1.791549221730697,26
Dept_11,8.917423679464802,39.95052252136678,6.805150059208135,fijo,2.5847290911425382,8
Dept_11,9.881790116005917,30.550156005438257,2.063859974822694,temporal,2.7687580372209126,14
Dept_11,5.844686685005703,46.93676181005864,4.700808725186484,residencia,0.16113516595223132,3
Dept_11,8.052502788681801,44.19335524442596,6.159671133189225,residencia,2.740489600410533,11
Dept_11,4.8430390285675085,35.19304912052847,5.092749230290601,residencia,0.756731791360711,5
Dept_11,5.94633373483439,43.79404842507811,4.689701446834999,residencia,1.8460356193635503,8
Dept_11,0.9502417109613486,40.9441984976181,5.056180039824618,residencia,3.2574876575894556,9
Dept_11,14.407622854893841,37.08498985271775,5.491067996418301,temporal,3.1220703448967466,11
Dept_11,10.783731687929565,45.958968586947734,4.846212589128679,temporal,3.326130189747805,17
Dept_11,11.195546461404101,37.84580370579565,3.3074412851818664,fijo,0.9337296286128987,15
Dept_11,9.737808467335658,46.7806329979811,1.594351785724752,temporal,1.180709714423581,13
Dept_11,10.358830087586712,42.67140182475064,4.591945677057516,temporal,1.4371989574620003,13
Dept_11,18.095695356252186,44.782793632121766,5.114965508610549,residencia,1.8535594212853073,9
Dept_11,6.156136040826297,42.89542686536724,5.093159162951883,fijo,2.216701144806568,14
Dept_11,11.391783991395911,42.66365393879771,6.905842127164423,fijo,3.27725495097409,19
Dept_11,11.364955714125044,41.07615215823217,7.261212602045852,fijo,1.0713878668310057,13
Dept_11,15.70994614197879,36.36590526472366,4.7919543924615144,temporal,1.3711468134572162,12
Dept_11,12.193274062768756,40.31262861172404,4.8062703270063825,temporal,3.4236410700367292,24
Dept_11,12.444594224136754,44.58195422020584,6.146257199141301,fijo,0.8409521235594692,16
Dept_11,3.708652147300718,43.59629855792809,5.85309675903595,fijo,2.7268524990705023,15
Dept_11,5.955488241475091,42.50626732430149,4.114883596397331,fijo,1.911352217202302,9
Dept_12,4.165557979682037,29.521233434520013,6.318027672277552,fijo,2.3880737337864253,9
Dept_12,0.0,38.93387940546371,4.707251182101036,fijo,1.188628896977205,15
Dept_12,11.98599668053819,38.40855389325098,4.749778522599545,fijo,2.7071762874138634,24
Dept_12,8.691855800459935,34.48371215969193,5.867227590177281,fijo,1.3457915304672916,13
Dept_12,11.995358442898462,44.51878810568633,4.397666760513486,fijo,0.5804010365440226,21
Dept_12,10.177446402677502,29.873456534452256,5.189345014980007,fijo,2.4800391512100672,13
Dept_12,11.202181576018047,44.18317873950656,5.595088612883098,residencia,0.0,9
Dept_12,16.690577058858512,46.64619124701615,6.634357118932421,fijo,1.4319981798817194,32
Dept_12,10.036475446379768,38.95079130865566,6.496281160550551,fijo,2.291138098035271,19
Dept_12,13.344946090519132,39.6283052801116,5.53408895353666,fijo,2.75778014437391,22
Dept_12,8.48878156982962,44.83779617846669,1.0,fijo,3.2265191962515507,38
Dept_12,14.123940600061292,36.18172673287834,5.486701639442406,fijo,3.77754488347765,26
Dept_12,3.8018117264010964,43.30388238386228,5.795771857891821,fijo,3.4717482197188145,15
Dept_12,0.8122189925002345,35.41092826161784,6.201857694260756,temporal,2.191547953498932,14
Dept_12,20.53330235832218,33.912790471903165,3.087950074535904,temporal,3.1256177773328853,35
Dept_12,19.18152076156622,41.47995363324935,1.0,temporal,2.176113117609524,42
Dept_12,0.27242751776810614,39.86656509352732,6.612340021567333,temporal,2.6859056264622683,8
Dept_12,9.819433370118615,31.3949784441451,2.550946813074086,fijo,1.4006535848108532,13
Dept_12,10.74958171539321,47.07655476209811,7.4443390886356315,residencia,2.46207581599814,16
Dept_12,13.614857909841945,37.92641480808178,3.84269622838234,fijo,1.5267537777226055,29
Dept_12,18.696044482756164,42.55339959679526,2.945654083296194,temporal,1.8264559274782601,31
Dept_12,4.692948739904411,48.02591625666575,5.699243945071973,fijo,2.4652288964594633,17
Dept_12,4.961590872422761,41.23802188139681,6.232352170008774,residencia,4.091379077391166,11
Dept_12,9.99414411904393,46.36646032933545,6.113156044151156,temporal,2.394770400300197,15
Dept_12,5.182109830572644,35.68472976827509,6.003220811871821,fijo,1.988292066487498,16
Dept_12,0.0,47.10492676915024,3.5844193854934012,temporal,1.1682237903040997,17
Dept_12,8.863799676125547,35.870677520084385,1.9461804074256102,fijo,2.896201584670636,23
Dept_12,14.287719535783452,37.144292561859096,4.2206712094017655,temporal,1.6645400030904534,12
Dept_12,9.89766307230674,32.72667294506228,2.7085844239690227,temporal,2.374152658987076,19
Dept_12,13.12022629574901,41.34212277457971,5.865097369798873,fijo,2.701942258800403,19
Dept_12,12.40503101977126,43.15463757171463,6.748495621634159,fijo,3.264109108562502,27
Dept_12,4.86507187304016,43.8340419269676,5.345393300237605,fijo,2.8423724790196543,18
Dept_12,10.340107721895276,32.842068701423074,4.998110371121169,temporal,0.7765419674934355,8
Dept_12,2.3741967548049505,41.874881232315154,4.379134842976536,fijo,0.28280154010738157,12
Dept_12,7.440446692573979,42.05991184004354,6.96069853907759,temporal,2.701471716651758,14
Dept_12,10.252265922259662,43.07385854787964,1.3390625227113322,residencia,2.0860043951599967,17
Dept_12,9.994236668559637,36.13635606715749,2.587697920006351,fijo,2.3914695928703766,30
Dept_12,3.545325615947145,27.473481345779,8.653466605467171,residencia,3.719757576151098,4
Dept_12,4.555022568972236,43.5323945200169,2.490081258392666,temporal,1.3834119107894955,14
Dept_12,11.454798148289479,39.270851825485295,6.062073664940156,fijo,3.291409243129154,32
Dept_12,14.136967176516503,41.40120552854844,6.473580216633841,fijo,1.3933367560701537,28
Dept_12,8.965162532550515,39.526964816050864,1.1474978576366723,temporal,3.5652687425910665,18
Dept_12,8.714866603733896,41.172511235134394,1.531404247726671,fijo,2.7505184841575536,24
Dept_12,14.656380000014611,43.68559647094628,7.529428681193799,fijo,0.49287197708484864,30
Dept_12,6.139669429863679,30.71489145228804,3.054112669490519,fijo,1.5827213028243716,12
Dept_12,18.635147830520587,45.7051013811964,3.108736760470359,temporal,3.915668058465522,36
Dept_12,3.273636476751257,39.0892875216479,3.9582477033017653,temporal,3.790191817378642,9
Dept_12,15.24248165744397,48.13537134238,3.059035913641365,temporal,2.604221388988103,26
Dept_12,12.695839220765286,37.702722923074084,6.052535357355659,fijo,2.354234734529208,24
Dept_12,22.050602611975958,36.59201093706294,2.63592488188632,residencia,2.2397346726414487,20
Dept_13,4.394153398089461,39.258302961045416,1.0684789437850553,residencia,2.4370276569034517,6
Dept_13,0.0,42.49993520465921,7.312713034381568,fijo,1.8591995403584878,6
Dept_13,16.247231836476956,38.62823724168477,2.7341784676140586,fijo,3.2110192593742015,15
Dept_13,2.6433324634010766,42.862566438127615,3.4959624666661404,residencia,2.577849864667919,5
Dept_13,13.07888246069044,38.064370474702244,6.659715869244909,residencia,1.0346447144643687,7
Dept_13,15.910755403136285,40.174461090055516,5.1404877768432256,temporal,2.654991787862111,11
Dept_13,11.89880382358876,51.18276474522352,7.224682517220668,residencia,2.1649841811296633,6
Dept_13,11.160904432510968,41.78633431766278,6.690284209973466,temporal,1.687538148825239,13
Dept_13,12.004700174034724,42.18748113462988,4.093138708683087,fijo,3.898526853356068,15
Dept_13,14.187109466856722,32.63715006405511,7.043839764972034,temporal,2.1037705210807585,4
Dept_13,12.935342423815088,46.771437616725,5.335546295586112,temporal,0.04316026857608368,10
Dept_13,3.9170809660442227,45.332325426616336,3.80322418261931,residencia,1.7586621275267376,8
Dept_13,19.124998609245917,36.427754453541006,5.5808032459370285,fijo,2.993488469248925,19
Dept_13,10.25554017438451,45.23362967185869,2.3810749603150128,temporal,1.0735251201660385,10
Dept_13,12.591707932397522,41.6490061367001,6.6676954049507815,temporal,2.9595051706496425,10
Dept_13,13.554945087634312,40.232079493032856,6.408237576695612,fijo,1.0023114036351504,3
Dept_13,15.779639009406427,46.454778231374995,5.240716882967672,fijo,3.3366736637183028,18
Dept_13,15.260534112373179,37.43850713464635,1.1634539501920371,residencia,1.4274331608457058,10
Dept_13,10.658684132237461,36.38822472160075,7.308809574236897,fijo,1.6482087118569844,8
Dept_13,10.337332422923952,41.03781660168503,5.874185368514917,temporal,1.574075208019332,8
Dept_13,12.043054914844483,42.64114407268815,4.954083306244231,residencia,2.5974526762167875,4
Dept_13,15.500305029767334,44.83157943346918,4.638667041641919,fijo,3.844119551681124,18
Dept_13,4.4368915758355785,39.245235241266975,3.926561545388794,residencia,2.0148333879647193,9
Dept_13,13.2204771112098,35.75114441704676,4.311058474959756,temporal,1.9890958468504383,6
Dept_13,5.56838697502001,52.64283858982464,6.538433385790279,fijo,1.4267314139607823,11
Dept_13,19.25606762500735,34.567027194805185,3.966547914221959,fijo,0.37265352651662376,15
Dept_13,11.836570839922388,40.275590616447644,4.451395714407175,residencia,1.5264769485963563,1
Dept_13,7.9198621267456595,43.89852762273806,4.744813447386324,fijo,0.7409973770662299,4
Dept_13,12.143583008344478,45.755613075189174,4.7996054775598775,fijo,0.11268403568126106,11
Dept_13,10.046008288432265,37.164199106261414,3.76437616754729,fijo,1.9230036870480418,17
Dept_13,9.199065188337862,30.625411527961482,4.659601112243205,fijo,1.4574047916254542,5
Dept_13,0.9538737179612475,37.04867413268664,5.686627891802309,fijo,3.376572433323562,2
Dept_13,4.879034984111424,44.30661255106943,3.1903908003976063,residencia,1.1443977781922592,4
Dept_13,9.29773450258743,43.18748240747619,4.6688587654360765,residencia,2.670367405873519,12
Dept_13,1.5582293015979847,43.350611794440375,8.8619684142422,fijo,2.650822652418789,2
Dept_13,7.064118513211897,43.558320430371865,4.873711319590514,fijo,3.3371330951995812,10
Dept_13,7.500626186064873,46.700421163402545,3.1391539102760415,temporal,1.8157742069728844,10
Dept_13,6.102786866310341,36.120557773526045,2.9051763654143024,fijo,3.3190424333612594,10
Dept_13,13.861774068323204,34.01051002136198,2.4696098559346162,residencia,2.560946698100082,5
Dept_13,5.599153407009308,41.852401226318776,8.254233123344513,residencia,3.1392846302228583,8
Dept_13,10.44204406038282,34.75737655215905,7.016044779432692,residencia,4.394156742500977,6
Dept_13,8.234180205047126,33.695423252574976,2.4207498651515715,fijo,1.8767765870712685,10
Dept_13,9.406013684339326,46.11979954953568,5.42741258867648,fijo,2.1708095238180007,13
Dept_13,18.032003763255656,41.25179908537906,7.449672117405817,fijo,1.6381839109953078,13
Dept_13,10.898431759165874,40.14246574522543,4.91906377718506,fijo,3.542309637665957,11
Dept_13,11.86516445763144,40.246369983826575,4.016771994544129,fijo,4.60465277290184,15
Dept_13,6.17291456393466,39.469304950876676,9.481799296956705,residencia,2.734165102053768,8
Dept_13,13.130748386478187,46.08620322663287,1.1893103526822935,residencia,0.38991875522113095,12
Dept_13,12.919849534239171,32.42692047402108,10.0,residencia,1.1168900545132583,2
Dept_13,12.438043335193557,32.21988209399791,5.1199984177130125,residencia,3.1595898981434756,3
Dept_14,3.954115910586742,35.318092407060455,7.580860260589034,fijo,0.8556436335330451,10
Dept_14,7.073763910159532,41.44580823869976,2.598773641435349,temporal,1.3994673684470624,19
Dept_14,17.167900317841458,49.02671869939244,3.548831403901378,fijo,1.364392350803993,42
Dept_14,6.561277671563653,44.34541995752636,2.8400865145603986,fijo,1.922849559621078,31
Dept_14,17.849940128773152,42.962213571120486,4.7979376419817505,temporal,2.256710169352931,24
Dept_14,7.268017114747965,39.60066534357737,5.6154522802175215,temporal,0.11056855619338712,10
Dept_14,10.741080770264112,33.33735043002035,7.133603993205245,temporal,0.47256125308898067,7
Dept_14,9.06415382871268,42.57494912043582,1.5770888032624617,fijo,0.49642685041773005,22
Dept_14,5.775973589091681,50.12983532917566,5.313767875484178,fijo,0.6159723640860717,19
Dept_14,5.847955102151582,38.79971172245735,6.789817735898618,fijo,2.0160068734679477,12
Dept_14,6.4787849675513245,37.196633176230335,7.1643719423286605,fijo,2.1945780587669312,10
Dept_14,10.740321407247874,38.823784018048535,4.118961436753144,fijo,3.013184231527296,28
Dept_14,14.452087619976353,42.9987556924621,4.143847605273771,temporal,2.554929429415818,30
Dept_14,10.41578326356998,40.55865092625966,4.815950920329706,residencia,1.4177426202549561,6
Dept_14,9.833108817272253,44.550070555573605,5.372105408820514,fijo,2.2299282784207852,28
Dept_14,16.051890276711482,39.83274562875087,7.605195623249825,temporal,3.0542281755632015,17
Dept_14,10.206690884831566,38.79494185177109,2.5798087450859732,fijo,1.7726173154849223,26
Dept_14,7.285681974443265,41.14502989977123,3.427492552786901,residencia,1.6895813698390294,8
Dept_14,5.011294606816002,37.30173911584661,2.3371773787091357,fijo,1.055042715018594,28
Dept_14,16.35223641829309,48.70382470722319,5.855508170076688,residencia,1.1951741849149637,22
Dept_14,8.353012449188487,44.11557199058308,7.202736384522762,residencia,2.6855742707408754,14
Dept_14,7.107131028130659,34.50150706297169,2.1580664912594414,residencia,1.996175509247929,10
Dept_14,6.674783882136369,36.27120414232931,5.177406613792408,fijo,3.95839101767284,22
Dept_14,16.07095277743864,42.82668502583052,7.058006479956325,temporal,1.323292787727647,24
Dept_14,7.135130033658876,40.91658772998207,6.569093605906064,fijo,2.7613731656581044,18
Dept_14,14.95231378837547,41.51255854674037,6.545507715730314,fijo,2.386409150872173,20
Dept_14,8.847960447952655,39.03936264691929,2.6202491542135036,fijo,1.9106255786259454,14
Dept_14,3.958098344865383,42.275865182627165,6.538868821836269,residencia,1.5644979771488243,8
Dept_14,8.337541530900497,39.15697065748146,4.628148964629977,residencia,2.6001018716780475,12
Dept_14,9.836034327760297,42.81689771704795,7.14032362910856,fijo,2.5426737853575485,20
Dept_14,9.424146036143252,43.865141156254495,5.898333110469465,temporal,2.20198845902709,10
Dept_14,9.300081485619325,48.0337016831908,3.368998473380638,residencia,2.425634403779669,11
Dept_14,8.390275284140905,37.4265037852702,5.557623911109012,fijo,2.0364867663411994,14
Dept_14,6.074950201486855,39.9444068408723,6.637032120904825,fijo,0.3588192611325538,6
Dept_14,10.053687818870968,33.905092945519165,3.9872718618436647,fijo,2.0843735027660624,18
Dept_14,12.704742103639628,49.131307085195466,5.257603984241893,temporal,1.7314495906752754,23
Dept_14,2.687021197001438,30.122560213980794,2.326780846102037,fijo,3.94624351739951,19
Dept_14,16.495311090261033,48.414346942659044,6.098063869261358,temporal,2.633385633763597,23
Dept_14,0.0,40.467347911455704,4.887472572747901,fijo,2.2015091281990924,20
Dept_14,10.376242873831746,42.09213965243323,6.828172785259057,fijo,2.462830073226668,20
Dept_14,12.330434677367125,39.17165453135174,6.0417336117547595,fijo,0.9768818703883051,17
Dept_14,6.98323595052488,40.15550329056646,4.185653612123568,fijo,1.3902313711103247,17
Dept_14,0.0,42.94042299872252,3.307262223298921,fijo,1.665211075718443,13
Dept_14,9.516379499539761,31.81676269089371,2.8471996653486324,fijo,2.388422503640754,22
Dept_14,10.848479623017168,36.739368814530486,3.985156001102488,residencia,1.5652477127417033,19
Dept_14,4.256406327119002,35.77471358095671,6.774193405571516,fijo,1.498561463730588,5
Dept_14,5.849332947097703,42.23702391767909,1.4874652925920402,temporal,0.932136331299164,20
Dept_14,14.81356048031892,40.02183099201926,2.9285504447221387,residencia,2.0251210885512685,25
Dept_14,10.58840879850888,43.09047920214404,6.717998853314082,residencia,2.1655661929143895,17
Dept_14,2.4566150536867957,40.82387502090678,7.657904539502832,residencia,2.4285232957470924,5
Dept_15,12.249149588775657,45.29294417907998,3.033682633552552,temporal,1.3039837794480327,35
Dept_15,5.34740584010816,36.29862854495623,2.9063818544368654,fijo,2.370775751619453,18
Dept_15,6.126187835866759,40.29077889925119,7.814320479143808,residencia,0.9597256232899756,12
Dept_15,10.98828696340399,45.546817070012565,4.752811160865237,residencia,1.780936205505426,16
Dept_15,10.522450138095676,44.54663024010337,3.21091524174569,residencia,2.3015721360854644,18
Dept_15,7.986967294205842,32.60177721774956,7.0892357787772395,temporal,1.7412877726193017,17
Dept_15,7.478953127090735,34.89444605507639,6.006961593207999,temporal,0.43815554998478956,14
Dept_15,8.746004806375275,39.59104530647608,6.473308053270609,fijo,0.5573674057685014,18
Dept_15,6.097032534636835,38.82581663629362,3.3151208364806393,temporal,2.2208948680074037,14
Dept_15,15.445061258887712,39.67286635724042,5.7496506821586095,fijo,2.579651356748445,36
Dept_15,2.154031504957671,43.980951501259234,7.492572321846319,fijo,2.339316788792055,23
Dept_15,8.795607027133373,41.446915025010355,6.281588721296437,temporal,2.603742209237833,13
Dept_15,2.7029746331072557,41.73845451509615,6.839739836706178,fijo,1.7194575141302175,16
Dept_15,14.680008736392608,43.35306784301713,7.8062850999258036,fijo,2.7384419109132487,25
Dept_15,8.788448330065126,45.370871025727794,5.85533943951071,residencia,2.336060079488937,17
Dept_15,4.716657035594437,24.719939192675263,3.8697581452350023,residencia,1.3605432348952609,12
Dept_15,13.42523813130843,38.066867758809735,6.754222307063907,temporal,2.514453711393618,21
Dept_15,0.0,35.5851610637015,2.788589298198752,temporal,2.296050204134496,12
Dept_15,11.40442012569494,42.376580679474266,4.555361012244583,residencia,3.6724940876075887,21
Dept_15,15.756445942688735,37.689480222076725,6.17615845825832,fijo,3.3793199534874914,40
Dept_15,10.897717789313896,40.37930808457561,1.0,temporal,1.907696451853886,27
Dept_15,7.4674477660795855,44.26071538201254,5.504926730692935,fijo,1.5823193977097305,26
Dept_15,3.7890901909531385,36.9850703061092,5.59925214385562,fijo,3.55911125308812,19
Dept_15,15.412573177112538,41.814078363561094,2.7281301568754457,temporal,2.551539519255181,41
Dept_15,14.637109288211505,47.76913911580214,5.651721183498628,temporal,1.825852233231252,37
Dept_15,6.773190845544894,44.1580772993579,5.379897002512115,fijo,0.010938243171186857,14
Dept_15,6.9068124319523605,32.07111321660011,5.067943560767281,fijo,1.244500551632894,13
Dept_15,15.933835501133252,38.541266493619496,7.378867607523686,temporal,1.1749719232303921,16
Dept_15,12.658065733942722,41.77908167638498,6.757818713034404,temporal,1.853619373312865,20
Dept_15,1.067078301446271,42.76391928110965,6.279965701426683,temporal,2.6185183367546503,12
Dept_15,9.021487976485039,38.73825480856377,2.9515569415142737,fijo,2.771253224322237,26
Dept_15,8.837217761110848,36.801055545052336,4.965317329632569,temporal,3.5000356852893098,18
Dept_15,11.238172363148024,40.338814674244844,7.3688694794118,fijo,2.931395837670218,17
Dept_15,10.030230079676526,34.56557648052528,4.5706763566374145,fijo,0.6995320851790157,20
Dept_15,7.436444191138907,45.49867133022259,8.108524038827142,temporal,3.0300075795404258,19
Dept_15,10.89179826179939,49.34340486974084,6.338386812803003,temporal,3.73332470527336,36
Dept_15,7.7611116857664015,41.973469842250616,8.41912112578449,fijo,3.683808077020602,21
Dept_15,27.070935129900292,38.83780723235443,2.8653355540304184,fijo,0.7871365506917565,64
Dept_15,10.613639505067681,44.70450499956823,4.690684922750587,temporal,1.808903398021554,25
Dept_15,9.926502654354989,43.85964612179337,4.879737953983896,fijo,2.9609737495699724,29
Dept_15,19.214037791557814,38.622296269472876,6.212346612870407,fijo,0.8416569664378708,31
Dept_15,3.1782830327784826,39.760782153251235,3.522804836234976,fijo,0.27508501608085045,12
Dept_15,9.450135629582592,36.95232830435952,1.7847859199270433,fijo,2.313955686770623,30
Dept_15,5.251984564978633,40.82342412467985,5.756395413956918,fijo,1.3244085728932973,18
Dept_15,13.175050282550444,41.49454570022624,4.267053504159866,residencia,0.36854893298538327,27
Dept_15,7.528252589109336,36.09933672864652,4.058605916399665,temporal,3.2295204427525457,12
Dept_15,12.900468675998738,34.62661829186052,3.614382169277473,temporal,2.1643126581179826,22
Dept_15,12.540254992172713,33.36992293982967,5.247777515701484,temporal,1.47930766545754,21
Dept_15,13.901861309950371,42.08267331306021,2.8462849420917133,temporal,1.0363159158075872,24
Dept_15,12.62259396260978,39.94258715189947,4.6116085059306124,residencia,2.1745661483433607,22
Dept_16,8.879803030724917,39.58212926572587,3.342574036824356,temporal,2.5154171989255274,8
Dept_16,3.0117364661550656,42.322629611721666,3.7816451720271225,fijo,2.325932672803449,7
Dept_16,15.045424705066317,35.49519012155812,5.707620369545916,temporal,0.4810866787311183,5
Dept_16,17.045137123325784,34.64873632414403,6.302819724205591,fijo,2.4768520642370357,13
Dept_16,5.310658443541979,41.20540959484429,4.387790146723115,temporal,2.694449509346998,11
Dept_16,13.679386808063438,31.356605202097217,6.9356607870110745,temporal,1.6565959292976655,7
Dept_16,4.148186262072068,38.70507734532888,3.054572818125779,residencia,3.039610381948918,6
Dept_16,11.017160873809487,52.332231862889394,1.9602027899993586,temporal,1.148082607057615,12
Dept_16,12.047102431041653,33.257312685737375,2.327349626968385,fijo,3.2905847860310025,15
Dept_16,7.86890113097663,37.85128820034638,2.8491864157723152,fijo,2.1323156844306443,7
Dept_16,10.475357184465382,29.385535981551158,2.374213531767441,fijo,1.5038305279834439,6
Dept_16,14.241015857486078,38.83135970888928,9.042307835792492,fijo,1.681551509669224,9
Dept_16,9.452917473744947,49.83268214132655,1.8995584248071502,fijo,2.9992848834299646,20
Dept_16,6.624312477199011,42.334587183952,6.874857806793825,fijo,2.237242349915376,3
Dept_16,3.881103936138306,36.93110345439513,4.94974230178545,fijo,2.6450673265075566,3
Dept_16,8.04617816872795,50.907053226355494,5.44920093383582,residencia,3.07466930272541,8
Dept_16,4.126392093954555,31.28823695240795,3.1885405745790703,fijo,1.474022934066682,7
Dept_16,8.1130798918028,42.26971579878509,5.650905449789368,fijo,2.1272983360793627,10
Dept_16,7.673787682852057,40.32456393546468,3.1721628898586034,fijo,1.7755440396830124,10
Dept_16,14.020524849812602,38.764876595447916,6.845532364056893,temporal,3.0170579779563376,8
Dept_16,10.367375081051554,44.035457368644224,7.011026955708468,fijo,1.6175445813294402,8
Dept_16,22.73629844858596,34.0901029586235,4.730276126268157,temporal,2.0478317643618715,15
Dept_16,0.0,41.56311316936164,4.861271789291443,fijo,4.2957246011475325,2
Dept_16,11.566857158593901,40.92829161382258,5.865447798853667,temporal,3.2851162742330775,9
Dept_16,7.742218572502443,35.644936684431435,5.763218856115574,residencia,0.9647718898045798,5
Dept_16,5.21979689757777,49.749977902086584,7.048292746267233,fijo,2.901976107358018,8
Dept_16,9.85115252711915,39.090813683191804,6.991691850420597,fijo,2.68876928835664,11
Dept_16,9.476915338195198,39.30674813902646,4.9423181386417685,fijo,0.8993636621651082,6
Dept_16,15.38906408673016,34.86161412352129,4.045551030090111,temporal,1.8899442642103936,15
Dept_16,10.456292234015013,39.18329774441809,6.623239575722954,fijo,1.0522969387827863,5
Dept_16,6.535992061406157,51.67377303409492,4.687428502225131,temporal,0.0,7
Dept_16,11.671052818501602,38.736440700142076,5.22748788457305,temporal,1.854028475457251,5
Dept_16,8.851742181442411,42.593509715068215,6.060632447702181,temporal,1.4939098704928055,10
Dept_16,4.372607274396466,44.75273865996756,6.951113944150715,fijo,0.8990976146803897,9
Dept_16,8.757273152436118,39.09298844429952,5.521696283816572,fijo,1.990413733327604,3
Dept_16,11.154710387033443,37.952048488581,3.825604108252226,temporal,0.0,4
Dept_16,10.361412151160733,42.36131940613087,8.5940206877289,residencia,2.0412749393430394,4
Dept_16,11.651565273159411,38.793708155577995,8.060683623086824,residencia,2.015398121111138,4
Dept_16,7.367573954964042,38.34077463606868,2.9639932854950026,residencia,2.678739553220597,9
Dept_16,11.588059807169717,44.699449471297314,3.1764568461512654,temporal,0.39682076412879175,8
Dept_16,10.600579064087079,39.652884565434746,3.427973036281852,temporal,4.1394242558583265,17
Dept_16,10.641146918867715,46.0661991913237,6.697101783429622,temporal,3.755802225416881,8
Dept_16,10.161782764133434,39.54036655878439,8.670286383447,fijo,1.2267852318341954,5
Dept_16,20.88046605117982,33.414022208236545,3.987453465657566,temporal,3.4597388556671116,24
Dept_16,15.550631219000344,22.87102323583174,5.338536715831146,fijo,2.857072112742525,7
Dept_16,11.476958784643163,30.80925776573655,3.494788279468161,fijo,1.5605748742136865,7
Dept_16,5.998963615758915,31.67019766867869,8.400385529765915,temporal,1.3931469941687358,5
Dept_16,8.538337501217681,41.332689654139486,6.649656683752966,fijo,1.468775414921363,7
Dept_16,18.078940755741694,35.14333653392931,3.350728872192281,fijo,4.826368876969372,19
Dept_16,7.18531268583248,30.129343119679206,1.0,fijo,3.3601194289114025,14
Dept_17,9.171351834322673,39.34547155762531,7.075174115523134,residencia,1.797227106117464,8
Dept_17,8.892983371927958,34.59085966434573,3.8550303875711456,temporal,1.8835775999702198,14
Dept_17,11.83943638579258,42.31549568961982,6.685464338421852,temporal,2.847448210681312,13
Dept_17,7.8167676135728446,42.19134323633414,5.587380673700829,fijo,2.803644248482639,13
Dept_17,10.884290040741277,42.7204314109159,1.3314079345518959,fijo,1.0431238226176904,24
Dept_17,7.92841552674188,27.208597363529464,3.386446536385944,fijo,2.29753863522024,6
Dept_17,16.57255349765866,40.22704563189941,4.291710625427843,fijo,1.4474564716566474,17
Dept_17,6.568611877830032,39.3929879996597,3.648420021497344,temporal,2.15219978131608,11
Dept_17,14.888224223942178,33.89177860111102,5.232336569770769,fijo,1.9519868668591487,13
Dept_17,7.0743207183816725,29.312846187317746,5.8027628923026375,fijo,3.017644472243767,7
Dept_17,5.73126836059629,39.45657539431287,8.57871987501416,fijo,1.7317230786755542,10
Dept_17,6.49603626755039,45.32058026878103,5.944426953752936,fijo,2.118317484560876,16
Dept_17,1.4428213648262282,27.091211987123632,7.9822021314397515,fijo,0.12190816611699962,5
Dept_17,12.192992231921533,35.837395635480014,4.046366428917411,temporal,2.3236529291532824,15
Dept_17,4.180119452384479,40.65767556493081,7.330426827027351,temporal,1.2214782728990876,6
Dept_17,8.21040236203697,45.624599970968156,4.237603819020142,residencia,0.4828649701573786,7
Dept_17,13.808107987993816,38.43814242909341,3.1659663970487575,temporal,3.1291142275857364,21
Dept_17,13.646763398723174,49.655014740153916,3.081446483577529,fijo,1.958230632534026,25
Dept_17,2.841705420013671,31.023467303598913,1.0,temporal,0.0,11
Dept_17,11.552717899654688,29.91531039180526,6.708165245880316,temporal,1.216376437942305,5
Dept_17,15.702469911541279,45.08857524861845,2.4196099273199825,fijo,2.005001751435204,15
Dept_17,6.81578544905068,28.251878739866147,7.816290469227434,temporal,2.034749139827806,3
Dept_17,12.567866640009147,42.30766168150325,4.651558995358918,residencia,1.5005943109891668,14
Dept_17,4.283601971027304,38.52733780753094,1.8902705037304814,fijo,0.0,15
Dept_17,11.92828476618495,35.49499698780001,2.764539673919049,temporal,1.448087843506509,11
Dept_17,10.65635680664829,37.86666395765564,5.3812698846286615,residencia,3.07103331472267,4
Dept_17,13.305734779127263,33.554640531852804,1.2400850549122318,temporal,3.4023944645124367,19
Dept_17,12.995730434443526,38.408329722918616,6.179890013908726,temporal,1.392509036576401,15
Dept_17,3.232581952244238,40.08709667177429,1.9673354238810994,fijo,3.883334109669005,20
Dept_17,10.682766203720963,37.918890117769315,3.5220473362709535,fijo,0.3829889152518522,16
Dept_17,17.26456822136936,37.07531858909365,5.3974406707497815,temporal,1.1899684813704416,16
Dept_17,0.0,41.27068497520275,5.9352213803463965,temporal,2.8914961237160686,5
Dept_17,14.834630569310328,48.29785897897415,6.595439592521874,residencia,2.7340552050032696,11
Dept_17,18.00852549814544,38.66898299008802,2.3869079729738263,fijo,1.9903809215046473,29
Dept_17,2.5768223975759916,44.09995252502109,4.38309441397565,fijo,0.8808741879196882,11
Dept_17,6.646504644262608,35.16911500997328,7.1859990039682495,fijo,0.8782019764023221,8
Dept_17,12.588716609752659,33.329593495875635,4.383576067967739,fijo,1.2743162987417773,12
Dept_17,5.569374420931796,42.26657693657012,5.588548902408925,fijo,0.9216586381799459,13
Dept_17,16.822895918226813,38.83232728208325,5.324878516888137,fijo,2.1307031505909033,24
Dept_17,15.294481328780355,45.64748670821541,7.602474302582317,fijo,1.9077326482325256,19
Dept_17,3.075183802284408,46.6271175784688,4.068181611648758,fijo,0.8386381690970823,15
Dept_17,6.284709500344936,44.19542421213743,2.220102142593929,fijo,1.645117132666131,20
Dept_17,13.849184109175107,44.08679165200092,3.0642562197282026,residencia,0.0,15
Dept_17,13.65329701373664,22.87318457203513,5.377687959967044,temporal,2.339220479325078,12
Dept_17,21.092200176515192,42.222612497835144,1.8609185073398855,fijo,2.716725604880571,36
Dept_17,5.6005889727525915,44.31439914732502,3.911172029865055,residencia,1.0881898861930042,9
Dept_17,17.296089197359954,33.64108698919129,5.1508327859483956,temporal,1.2136240231346442,16
Dept_17,5.430430276182151,40.043862557948934,3.4668157907131842,residencia,2.2578887379612533,8
Dept_17,12.501604662279357,34.78635892828882,5.653706495506667,fijo,2.1062661391695707,10
Dept_17,14.46171220779742,45.13755297400439,6.44882352469657,fijo,2.7731183560816817,23
Dept_18,0.0,35.220009674617515,5.909817199905349,residencia,1.2233203299363788,8
Dept_18,14.556031490413911,36.035689465316764,1.9049900798955446,fijo,1.339442662727763,15
Dept_18,16.922848455246932,37.679749169719926,5.1583643751392545,residencia,1.7793015165436779,7
Dept_18,15.47940876736871,51.24705110950137,5.314884613677499,residencia,0.9338778754546397,15
Dept_18,20.266694050388384,45.02336135038098,4.238139763575015,residencia,1.7575209458461067,22
Dept_18,14.825886417529452,48.06301929456942,5.626622025712743,fijo,0.9502268417393602,24
Dept_18,7.313974493237428,30.934400722598795,5.554849151491214,fijo,2.417570217567367,15
Dept_18,16.19505567207639,33.65352626913717,4.818249526274066,fijo,1.0646940448195994,19
Dept_18,7.030168597222923,46.69289821858848,2.9914566439733608,residencia,2.252892746160019,13
Dept_18,10.412089624729893,31.19919425886663,4.946758095399735,fijo,3.4566162378480376,9
Dept_18,14.15891636700618,36.64157914575167,8.733861855348826,temporal,2.4282241767068444,18
Dept_18,12.24040412073355,50.27670670313928,4.215385941968615,fijo,2.1758860557608672,24
Dept_18,16.755659959250817,35.18267634847655,7.094610916352013,fijo,0.6363599917674057,17
Dept_18,22.44337347919384,30.895012736423872,5.077714041135242,fijo,3.3890345328181057,27
Dept_18,4.313180290243002,40.23737252188164,3.398542049327283,temporal,3.1157282220190545,9
Dept_18,8.358319405951562,31.101285129193784,4.40680660356124,residencia,1.8436547329782171,10
Dept_18,11.581891812811548,46.186250364864584,4.966259252583797,fijo,1.615882994107874,18
Dept_18,7.684045283466293,35.52570625255153,6.3104229325578105,residencia,1.1860198453148696,8
Dept_18,9.621468657510507,34.523804855440396,9.760090897638658,temporal,3.789376943715821,11
Dept_18,13.879098031375342,40.146911763320006,5.109329212028547,temporal,2.783964573916242,18
Dept_18,13.214541656833834,37.97781073762272,2.5382815374168866,temporal,1.2415922086399327,9
Dept_18,11.236663651529419,41.2617459684041,1.690845197443632,fijo,3.099269650472072,24
Dept_18,10.738652516321153,42.607522247013506,4.156430861343468,fijo,3.339148675157541,26
Dept_18,8.880649327531918,38.913561282615525,2.743824200033426,temporal,1.9787870250832873,14
Dept_18,17.02261419723859,34.19275695006984,6.115812595078527,fijo,1.6556526463295294,19
Dept_18,18.31694418296499,43.652541425323825,6.130511447012831,fijo,1.006916547162846,35
Dept_18,15.094070018042352,36.532950909488356,4.708049135384626,fijo,2.7074285342229367,29
Dept_18,4.2531170606702275,35.65455512747149,6.314772875799209,temporal,1.5729242614234291,4
Dept_18,8.688947849827642,40.71330307578025,5.129518695538405,fijo,1.5315760535128427,16
Dept_18,10.998329798864424,30.356687903721642,8.735147590736712,temporal,1.9884709903580684,14
Dept_18,5.296527360388826,41.954380165735266,6.252249892710067,fijo,1.1819926142776107,11
Dept_18,10.395418523644642,40.97881001942095,6.791234152296539,residencia,3.5284233013031483,8
Dept_18,10.111108962671215,45.6090982013651,2.103745178359523,fijo,2.9679117900980643,29
Dept_18,15.420690872936154,37.498039302078034,2.6575291055415233,temporal,2.076557343943416,19
Dept_18,7.508547801606841,46.62415766011134,5.957676852208946,temporal,1.148753388363359,13
Dept_18,15.816514441368476,42.648214502509376,1.9015529835873402,temporal,1.2027416926401087,25
Dept_18,5.213159819153067,39.866054127783805,3.751048314249796,fijo,1.1586413033277694,10
Dept_18,5.910804011693231,49.08347962753019,7.3588252261767755,temporal,0.7693027741420506,12
Dept_18,8.103188461340062,40.47606365423392,3.708288400589076,fijo,2.322685953739596,15
Dept_18,10.23935943332404,37.408163361861746,2.580534587425779,fijo,1.3575622397183094,26
Dept_18,0.0,40.61919996535745,6.33508662261163,temporal,1.3004488368138623,9
Dept_18,12.296487827054696,37.305154164430085,9.14706449208169,temporal,1.1860630973015738,6
Dept_18,18.546712658728758,41.868233402973466,3.3827096862749233,temporal,3.00357859082773,20
Dept_18,13.256347839886766,46.60343640998752,7.448051596285673,residencia,1.2414254997572423,16
Dept_18,8.946650365974186,39.9599798375537,3.1336500668709237,fijo,3.269044485001615,22
Dept_18,4.577044588652036,40.45069830036664,4.775064437785973,residencia,1.712306211265151,5
Dept_18,0.9348888212549316,43.98915597264644,4.861734120597707,fijo,0.7549192120915225,9
Dept_18,1.7848818764234125,45.936200120540654,3.4360365198360676,temporal,2.4692678025036336,9
Dept_18,9.345800624965614,37.73682367392088,6.750790623096277,temporal,2.887276189957584,6
Dept_18,20.534550092256342,40.861680031018146,1.9205581789517896,fijo,1.1419666967056017,20
Dept_19,0.0,44.011311537233745,5.390095220318158,fijo,2.0632405144637636,17
Dept_19,13.501089446175314,41.64976128038519,7.148329156385856,temporal,2.3184628381496277,21
Dept_19,6.611422938070293,30.68955282115684,6.584326938488408,fijo,2.0956338522231044,14
Dept_19,8.322525204858284,44.91363479955711,5.982430121571316,fijo,1.541855726235773,22
Dept_19,5.311505567279939,42.61440657356868,8.170598786402675,fijo,2.8816203644170653,16
Dept_19,3.162806042565478,42.969743701034034,4.560765265838629,temporal,1.7488831405979257,12
Dept_19,10.628186193361604,34.0392463617332,1.9505477027665519,fijo,1.3943201263895129,19
Dept_19,11.314017432348345,40.76194967351086,5.2704137711439065,fijo,0.23491709367691582,14
Dept_19,13.341700293596453,44.21672616702314,4.748475378890619,fijo,0.24424210488833986,26
Dept_19,1.573781469459048,35.597096975483986,1.0,fijo,2.2159038705262275,13
Dept_19,14.369861667390438,36.89727725077808,2.749797478983225,residencia,1.9229500878739967,12
Dept_19,14.45903777127592,44.30239560533798,2.494747927366092,residencia,2.887445019119629,22
Dept_19,12.122468432157358,36.66448687614669,3.3709341489743014,fijo,3.1302843415298645,17
Dept_19,7.895191914657696,38.9574556122723,4.297651471802615,temporal,1.754896411434169,6
Dept_19,11.542154335944723,34.826906704463774,4.374252077591216,temporal,2.9486498964101036,24
Dept_19,9.197754715948388,49.09969283659583,3.4423905427932215,temporal,1.438153887082233,19
Dept_19,14.84258164992503,42.6031138258428,2.4921229175326562,temporal,1.850110149947683,23
Dept_19,8.167278510366085,38.72302511646917,5.754903417518152,fijo,1.821515072998873,13
Dept_19,10.540122150383342,37.78812404733898,5.233143722445361,fijo,3.5790625462336427,17
Dept_19,1.308389975144296,33.85817688426307,5.293342997314083,fijo,0.7215138930537679,9
Dept_19,11.526498945951108,39.44949954385962,8.55802243866846,fijo,2.059137656144669,12
Dept_19,6.252227745476316,43.325290405950234,5.325748107079572,temporal,1.3039649226701107,11
Dept_19,12.562331086802846,35.95092951361633,4.266684455439001,fijo,1.7009850275032243,16
Dept_19,13.94212447623917,40.52770560648191,4.788388015157657,fijo,1.6582174286771514,27
Dept_19,6.950135289526739,38.1630911267549,5.197638442359168,fijo,2.072063933544434,10
Dept_19,10.155941512338584,46.90057964787749,6.231586696422728,temporal,3.3469175028094487,17
Dept_19,10.872474556766289,36.816506180122346,4.910559146314719,residencia,3.9020003670073793,15
Dept_19,11.840318659666604,43.88577937218415,1.1141581989684277,temporal,2.6565714977531583,22
Dept_19,13.949289128219577,46.97011297971684,4.126503753501547,fijo,1.0208670333191905,29
Dept_19,13.295055881817316,38.114346981112156,5.002986350726907,temporal,1.8253731944345764,20
Dept_19,8.100548463759335,37.05711276174878,7.608403131303296,fijo,2.260602130597442,9
Dept_19,17.99160964577052,44.613511592623134,3.4282087081072277,fijo,1.5930767376648305,36
Dept_19,13.759937380604004,31.09388042799079,1.7294782787587422,fijo,1.7229250238137355,17
Dept_19,17.025721961260132,42.15297319551326,5.12875441312145,temporal,1.9288394460580507,19
Dept_19,11.733533616859596,32.12339103581259,6.732473843017425,temporal,2.772212171104626,12
Dept_19,12.029027276392704,46.11205832583165,4.2131541171952085,residencia,2.530181695403382,14
Dept_19,9.414044742977282,38.73951827770833,9.76609897407489,temporal,1.389834329512244,11
Dept_19,7.781127607811523,39.54610954628865,9.294996131979278,fijo,2.5928341706330746,7
Dept_19,14.876690905521844,36.3787539532116,4.855054570902165,fijo,3.7243613593342193,26
Dept_19,11.32295312290708,32.08646368363894,5.37342631366644,fijo,0.4870515656623928,13
Dept_19,9.342180772433025,46.32930218816025,7.737462948417287,temporal,1.5626704054593128,10
Dept_19,4.886875070642988,39.144712458203536,4.82033054573974,temporal,1.4866447928035933,9
Dept_19,17.775577688540594,56.04384303354014,3.391822965492965,residencia,2.0799166485417353,31
Dept_19,10.56312717316285,35.94909098470216,6.777863812470525,temporal,0.1761248296785929,12
Dept_19,3.866387113907245,36.766529367087,5.928825684870592,residencia,3.361087275625131,7
Dept_19,10.407112329122617,35.51377942665013,3.3853103759683756,temporal,2.046791762333159,14
Dept_19,8.99539781099719,39.11919720397657,5.558328340499518,residencia,2.2981333972092237,10
Dept_19,8.790267999274258,47.87608953892213,4.679878962783444,temporal,2.1823163802336962,17
Dept_19,12.881299009856829,45.05068668386842,4.229808617315267,temporal,1.483467498040112,24
Dept_19,9.00230239284882,32.477230832077005,3.428320743332316,temporal,2.6986545055665747,13
Dept_20,8.472504739597538,46.02060037898593,5.242806223245098,temporal,2.005230019343576,13
Dept_20,16.812023684694296,43.41395643060564,4.4682852662210255,fijo,0.0,23
Dept_20,1.3021651236900933,42.406939133259115,5.569413153517458,fijo,1.891836364810636,10
Dept_20,9.743088460528616,36.57879583279786,6.639675244129953,fijo,1.7224276914404313,8
Dept_20,14.644259303294067,36.95044850686293,5.463132738861795,fijo,2.6967416868884255,17
Dept_20,13.134662244462334,40.685336166128,5.497369198752652,temporal,4.701413088989703,23
Dept_20,15.10024296638309,37.23418668985862,3.9176458636650464,fijo,2.377685278399997,20
Dept_20,20.10785939942002,46.56315992044567,7.348712029029736,fijo,4.119798547789406,32
Dept_20,18.49475871945996,37.0202216193717,3.3029413580424665,fijo,1.3137735701885274,20
Dept_20,4.2223264305856265,30.266178135858574,1.7760159963837427,temporal,1.3778761651706817,8
Dept_20,1.9464829194625182,33.492715283185596,2.858033038791826,fijo,1.7535660879432253,11
Dept_20,11.634262033492577,33.810183135875675,7.068527822865745,fijo,2.4251921403700916,4
Dept_20,3.229411592211897,38.68325963188337,5.917795640396548,fijo,1.3593973519431155,7
Dept_20,0.36765339902461847,41.08033016784662,7.623885245864113,fijo,0.3881535665647484,5
Dept_20,11.581214289307932,40.26900218337646,2.3538969496667286,residencia,2.0230551884798293,12
Dept_20,12.835226627426168,42.3045449884601,9.640436440534959,fijo,0.8570060292234032,10
Dept_20,18.555703227745067,38.738599879746594,4.432631629519293,temporal,3.1158289998288824,26
Dept_20,13.842155349952117,38.915465026296815,1.479313063117217,temporal,2.643870310370912,20
Dept_20,19.59780042984822,48.7592998715101,9.391566333951303,residencia,1.2404752467402225,17
Dept_20,11.777770926679889,46.02678785630438,2.3797954769213265,fijo,2.4557920630533516,21
Dept_20,4.318648806603212,42.04150240952282,4.204208572965573,fijo,1.4518414378886473,7
Dept_20,14.110935280858119,44.58335237838614,4.588495519120667,fijo,1.947807866421929,29
Dept_20,16.671565497599104,30.368924172531507,5.888166285000657,fijo,1.9583285449276282,11
Dept_20,11.955421989557859,35.8873069054228,3.4173930481332713,temporal,1.664369475515187,10
Dept_20,17.2527523267787,37.838982429972646,7.078626457551554,fijo,2.8306798775349495,17
Dept_20,9.383746434819114,35.946170189904976,6.507272339021486,fijo,0.8808362968105639,9
Dept_20,12.72949558557662,32.27131345595736,5.0381336395609315,residencia,2.53697612069988,6
Dept_20,9.128339593290654,42.10271901282895,7.648658868922993,temporal,2.3045291187893566,12
Dept_20,21.895217956985515,46.928738796423104,4.864286558323856,fijo,0.5954255283368668,20
Dept_20,14.206303431636059,39.935951385003214,4.448708292982586,fijo,1.205578883147827,12
Dept_20,4.416474345743965,43.24091022816993,8.996205533317664,fijo,0.9061207713573876,14
Dept_20,19.2629873423731,39.78733023006218,5.591472084579776,residencia,1.6335733193669109,10
Dept_20,6.334101208213059,37.791805951616304,3.028697234414663,residencia,2.0484264572150845,5
Dept_20,10.068479797832698,44.59598279508862,3.299461439606386,residencia,1.0716135458930078,5
Dept_20,12.341503979128301,32.85904529596213,5.037916281305503,residencia,2.9691286058239528,5
Dept_20,12.74995987421827,30.68298627027217,1.0,temporal,3.0577825689748717,17
Dept_20,12.41861111744199,32.78850089044789,3.7340210695698235,fijo,3.2344196269312038,12
Dept_20,4.334772473302731,44.26793989138044,4.799212023066238,fijo,0.0,5
Dept_20,12.43517317581055,40.43605553443044,4.665604959364567,temporal,3.9481682340257063,11
Dept_20,15.503229685678512,41.882689896233934,2.485113504513378,residencia,2.166054370535673,10
Dept_20,15.35932014997079,48.384614967287746,4.10296841712027,fijo,2.0472995133068985,17
Dept_20,3.4909370327398124,34.18330162724424,7.359607794330771,temporal,1.8981261764661836,8
Dept_20,6.721735592594861,46.02085184581934,6.946297660685775,residencia,0.6787512993836393,3
Dept_20,4.777391768995599,38.01837792925686,5.191232789458049,fijo,2.359758093702197,17
Dept_20,11.699064960002246,37.258195623766305,4.862180047218017,residencia,3.6119443464363012,19
Dept_20,2.241761087762195,40.40610188625802,4.676746503076209,fijo,2.1540238172194255,6
Dept_20,4.386286138592659,41.18868127839931,5.472620125189846,fijo,0.8849033268086028,8
Dept_20,6.674325051743846,38.947289302133804,5.20513768934902,fijo,0.4746932984050982,13
Dept_20,1.0160494388463874,43.05157150530816,5.648281941742054,temporal,1.7059762617588807,7
Dept_20,9.861004480704516,40.42621538405538,6.003588349877711,temporal,1.2559731774901626,13
